0	0	1
0	1	1
0	2	1
0	3	1
0	4	1
0	5	1
0	6	1
0	7	1
0	8	1
0	9	1
0	10	1
0	11	1
1	12	1
1	13	1
1	14	1
1	15	1
1	16	1
2	17	1
2	18	1
2	19	1
3	20	1
3	21	1
3	22	1
3	24	1
3	26	1
3	27	1
3	28	1
4	23	1
4	25	1
5	29	1
5	30	1
5	31	1
5	32	1
5	33	1
5	34	1
6	35	1
6	36	1
6	37	1
6	38	1
7	39	1
7	40	1
7	41	1
7	42	1
7	43	1
8	44	1
8	45	1
8	46	1
9	47	1
9	48	1
10	49	1
10	52	1
10	53	1
11	50	1
11	51	1
12	54	1
12	55	1
12	56	1
12	57	1
12	58	1
12	59	1
12	60	1
13	61	1
13	62	1
13	63	1
13	64	1
13	65	1
13	66	1
13	67	1
13	68	1
14	69	1
14	70	1
14	71	1
14	72	1
14	73	1
14	74	1
14	75	1
15	76	1
15	77	1
15	78	1
15	79	1
16	80	1
16	81	1
16	82	1
16	83	1
16	84	1
20	97	1
20	98	1
20	99	1
20	100	1
20	101	1
20	102	1
20	103	1
20	104	1
20	105	1
20	106	1
21	107	1
21	108	1
21	109	1
22	110	1
22	111	1
22	112	1
22	113	1
22	114	1
23	115	1
23	116	1
23	117	1
23	118	1
25	121	1
25	122	1
25	123	1
25	124	1
25	125	1
27	134	1
27	135	1
27	136	1
27	137	1
27	138	1
27	139	1
28	140	1
28	141	1
28	142	1
28	143	1
28	144	1
28	145	1
28	146	1
28	147	1
28	148	1
29	149	1
29	150	1
29	151	1
30	152	1
30	153	1
30	154	1
30	155	1
31	156	1
31	157	1
31	158	1
31	159	1
31	160	1
31	161	1
32	162	1
32	163	1
32	164	1
33	165	1
33	166	1
33	167	1
34	168	1
34	169	1
34	170	1
35	171	1
35	172	1
35	173	1
35	174	1
35	175	1
35	176	1
35	177	1
35	178	1
35	179	1
36	180	1
36	181	1
38	185	1
38	186	1
38	187	1
38	188	1
38	189	1
38	190	1
38	191	1
38	192	1
39	193	1
39	194	1
39	195	1
39	196	1
40	197	1
40	198	1
40	199	1
42	203	1
42	204	1
42	205	1
42	206	1
42	207	1
42	208	1
42	209	1
44	214	1
44	215	1
45	216	1
45	217	1
45	218	1
45	219	1
45	220	1
45	221	1
48	234	1
48	235	1
48	236	1
48	237	1
48	238	1
49	239	1
49	240	1
49	241	1
49	242	1
49	243	1
49	244	1
49	245	1
52	253	1
52	254	1
52	255	1
53	256	1
53	257	1
53	258	1
53	259	1
53	260	1
53	261	1
53	262	1
53	263	1
53	264	1
53	265	1
55	271	1
55	272	1
57	275	1
57	276	1
58	279	1
58	280	1
58	281	1
58	282	1
58	283	1
59	284	1
59	285	1
60	286	1
60	287	1
60	288	1
61	289	1
61	290	1
61	291	1
62	292	1
62	293	1
63	294	1
63	295	1
63	296	1
63	297	1
63	298	1
63	299	1
63	300	1
64	301	1
64	302	1
64	303	1
64	304	1
64	305	1
64	306	1
64	307	1
65	308	1
65	309	1
65	310	1
65	311	1
66	312	1
66	313	1
67	314	1
67	315	1
67	316	1
67	317	1
67	318	1
67	319	1
67	320	1
68	321	1
68	322	1
68	323	1
71	329	1
71	330	1
73	333	1
73	334	1
73	335	1
73	336	1
75	339	1
75	340	1
76	341	1
76	342	1
76	343	1
76	344	1
76	345	1
77	346	1
77	347	1
77	348	1
77	349	1
77	350	1
77	351	1
78	352	1
78	353	1
79	354	1
79	355	1
79	356	1
80	357	1
80	358	1
80	359	1
80	361	1
81	362	1
81	363	1
81	364	1
81	365	1
82	366	1
82	367	1
82	368	1
82	369	1
83	370	1
83	371	1
85	376	1
85	377	1
85	378	1
85	379	1
85	380	1
85	381	1
87	385	1
87	386	1
88	387	1
88	388	1
88	389	1
89	390	1
89	391	1
89	392	1
89	393	1
91	398	1
91	399	1
91	400	1
92	401	1
92	402	1
93	403	1
93	404	1
93	405	1
93	406	1
94	407	1
94	408	1
95	409	1
95	410	1
96	411	1
96	412	1
96	413	1
96	414	1
97	415	1
97	416	1
97	417	1
97	418	1
97	419	1
97	420	1
97	421	1
98	422	1
98	423	1
98	424	1
98	425	1
98	426	1
98	427	1
98	428	1
98	429	1
99	430	1
99	431	1
99	432	1
99	433	1
99	434	1
99	435	1
100	436	1
100	437	1
100	438	1
100	439	1
100	440	1
100	441	1
100	442	1
101	443	1
101	444	1
101	445	1
101	446	1
102	447	1
102	448	1
102	449	1
103	450	1
103	451	1
103	452	1
103	453	1
104	454	1
104	455	1
105	456	1
105	457	1
105	458	1
106	459	1
106	460	1
106	461	1
106	462	1
106	463	1
106	464	1
106	465	1
106	466	1
107	467	1
107	468	1
107	469	1
107	470	1
109	476	1
109	477	1
109	478	1
110	479	1
110	480	1
110	481	1
111	482	1
111	483	1
111	484	1
111	485	1
111	486	1
112	487	1
112	488	1
112	489	1
112	490	1
113	491	1
113	492	1
114	493	1
114	494	1
114	495	1
114	496	1
114	497	1
114	498	1
114	499	1
115	500	1
115	502	1
115	503	1
116	504	1
116	505	1
116	506	1
116	507	1
116	508	1
116	509	1
116	510	1
117	511	1
117	512	1
117	513	1
117	514	1
120	529	1
120	530	1
120	531	1
120	532	1
121	533	1
121	534	1
121	535	1
121	536	1
121	537	1
122	538	1
122	539	1
122	540	1
122	541	1
122	542	1
126	554	1
126	555	1
126	556	1
126	557	1
126	558	1
126	559	1
126	560	1
126	561	1
127	562	1
127	563	1
127	564	1
127	565	1
127	566	1
128	567	1
128	568	1
130	573	1
130	574	1
130	575	1
130	576	1
130	577	1
130	578	1
130	579	1
130	580	1
130	581	1
131	582	1
131	583	1
131	584	1
131	585	1
131	586	1
132	587	1
132	588	1
135	602	1
135	603	1
135	604	1
135	605	1
137	610	1
137	611	1
137	612	1
138	613	1
138	614	1
138	615	1
140	622	1
140	623	1
140	624	1
140	625	1
140	626	1
143	635	1
143	636	1
145	644	1
145	645	1
145	646	1
145	647	1
145	648	1
146	649	1
146	650	1
146	651	1
146	652	1
146	653	1
146	654	1
146	655	1
146	656	1
146	657	1
146	658	1
147	659	1
147	660	1
147	661	1
149	664	1
149	665	1
149	666	1
149	667	1
149	668	1
150	669	1
150	670	1
150	671	1
150	672	1
150	673	1
150	674	1
150	675	1
150	676	1
150	677	1
150	678	1
150	679	1
150	680	1
150	681	1
151	682	1
151	683	1
151	684	1
151	685	1
152	686	1
152	687	1
152	688	1
152	689	1
153	690	1
153	691	1
154	692	1
154	693	1
154	694	1
154	695	1
154	696	1
156	701	1
156	702	1
156	703	1
156	704	1
156	705	1
158	711	1
158	712	1
158	713	1
158	714	1
158	715	1
159	716	1
159	717	1
159	718	1
159	719	1
159	720	1
159	721	1
159	722	1
159	723	1
160	724	1
160	725	1
163	736	1
163	737	1
163	738	1
163	739	1
163	740	1
165	750	1
165	751	1
165	752	1
166	753	1
166	754	1
166	756	1
167	757	1
167	758	1
168	759	1
168	760	1
168	761	1
169	762	1
169	763	1
169	764	1
169	765	1
169	766	1
169	767	1
169	768	1
169	769	1
169	770	1
169	771	1
169	772	1
170	773	1
170	774	1
170	775	1
170	776	1
170	777	1
170	778	1
170	779	1
171	780	1
171	781	1
171	782	1
171	783	1
171	784	1
172	785	1
172	786	1
172	787	1
172	788	1
172	789	1
174	796	1
174	797	1
176	804	1
176	805	1
176	806	1
176	807	1
176	808	1
176	809	1
177	810	1
177	811	1
177	812	1
177	813	1
177	814	1
177	815	1
177	816	1
177	817	1
177	818	1
178	819	1
178	820	1
178	821	1
179	822	1
179	823	1
179	824	1
179	825	1
179	826	1
179	827	1
179	828	1
179	829	1
179	830	1
179	831	1
180	832	1
180	833	1
180	834	1
180	835	1
181	836	1
181	837	1
181	838	1
181	839	1
183	848	1
183	849	1
183	850	1
184	851	1
184	852	1
184	853	1
184	854	1
185	855	1
185	856	1
185	857	1
185	858	1
186	859	1
186	860	1
186	861	1
186	862	1
186	863	1
186	864	1
187	865	1
187	866	1
187	867	1
187	868	1
187	869	1
187	870	1
187	871	1
187	872	1
187	873	1
187	874	1
187	875	1
188	876	1
188	877	1
188	878	1
188	879	1
188	880	1
189	881	1
189	882	1
189	883	1
189	884	1
190	885	1
190	886	1
190	887	1
190	888	1
191	889	1
191	890	1
191	891	1
192	892	1
192	893	1
192	894	1
192	895	1
192	896	1
194	899	1
194	900	1
194	901	1
194	902	1
194	903	1
194	904	1
194	905	1
194	906	1
195	907	1
195	908	1
195	909	1
195	910	1
195	911	1
195	912	1
195	913	1
195	914	1
196	915	1
196	916	1
197	917	1
197	918	1
197	919	1
197	920	1
199	924	1
199	925	1
199	926	1
200	927	1
200	928	1
200	929	1
200	930	1
201	933	1
201	934	1
202	935	1
202	936	1
203	937	1
203	938	1
203	939	1
203	942	1
205	943	1
205	944	1
205	945	1
205	946	1
206	947	1
206	948	1
206	949	1
206	950	1
206	951	1
206	952	1
208	955	1
208	956	1
208	957	1
208	958	1
208	959	1
208	960	1
209	961	1
209	962	1
209	963	1
209	964	1
210	965	1
210	966	1
210	967	1
210	968	1
211	969	1
211	970	1
211	971	1
211	972	1
211	973	1
213	978	1
213	979	1
213	980	1
213	981	1
215	990	1
215	991	1
215	992	1
215	993	1
216	994	1
216	995	1
216	996	1
216	997	1
216	998	1
216	999	1
216	1000	1
216	1001	1
218	1004	1
218	1005	1
218	1006	1
219	1007	1
219	1008	1
220	1009	1
220	1010	1
220	1011	1
220	1012	1
221	1013	1
221	1014	1
222	1015	1
222	1016	1
222	1017	1
222	1018	1
222	1019	1
222	1020	1
223	1021	1
223	1022	1
224	1023	1
224	1024	1
225	1025	1
225	1026	1
225	1027	1
225	1028	1
226	1029	1
226	1030	1
226	1031	1
226	1032	1
226	1033	1
227	1034	1
227	1035	1
227	1036	1
227	1037	1
228	1038	1
228	1039	1
228	1040	1
229	1042	1
229	1043	1
230	1044	1
230	1045	1
231	1046	1
231	1047	1
231	1048	1
231	1049	1
233	1053	1
233	1054	1
233	1055	1
235	1059	1
235	1060	1
236	1061	1
236	1062	1
236	1063	1
238	1070	1
238	1071	1
240	1077	1
240	1078	1
240	1079	1
240	1080	1
240	1081	1
241	1082	1
241	1083	1
241	1084	1
241	1085	1
241	1086	1
241	1087	1
244	1093	1
244	1094	1
244	1095	1
247	1103	1
247	1104	1
248	1105	1
248	1106	1
248	1107	1
249	1108	1
249	1109	1
249	1110	1
251	1119	1
251	1120	1
251	1121	1
252	1122	1
252	1123	1
252	1124	1
252	1125	1
252	1126	1
254	1130	1
254	1131	1
254	1132	1
254	1133	1
254	1134	1
256	1139	1
256	1140	1
256	1141	1
257	1142	1
257	1143	1
257	1144	1
257	1145	1
258	1146	1
258	1147	1
261	1153	1
261	1154	1
261	1155	1
261	1156	1
261	1157	1
261	1158	1
261	1159	1
263	1164	1
263	1165	1
263	1166	1
263	1167	1
264	1168	1
264	1169	1
264	1170	1
265	1171	1
265	1172	1
266	1173	1
266	1174	1
266	1175	1
266	1176	1
266	1180	1
266	1181	1
267	1177	1
267	1178	1
267	1179	1
270	1189	1
270	1190	1
271	1191	1
271	1192	1
272	1193	1
272	1194	1
272	1195	1
272	1196	1
272	1197	1
272	1198	1
272	1199	1
273	1201	1
273	1202	1
274	1203	1
274	1204	1
274	1205	1
274	1206	1
274	1207	1
276	1212	1
276	1213	1
276	1214	1
276	1215	1
276	1216	1
276	1217	1
277	1218	1
277	1219	1
277	1220	1
277	1221	1
279	1227	1
279	1228	1
279	1229	1
280	1230	1
280	1231	1
280	1232	1
281	1233	1
281	1234	1
283	1242	1
283	1243	1
283	1244	1
283	1245	1
283	1246	1
285	1249	1
285	1250	1
285	1251	1
285	1252	1
285	1253	1
287	1264	1
287	1265	1
288	1266	1
288	1267	1
288	1268	1
288	1269	1
288	1270	1
288	1271	1
289	1272	1
289	1273	1
289	1274	1
289	1275	1
289	1276	1
289	1277	1
289	1278	1
290	1279	1
290	1280	1
290	1281	1
290	1282	1
290	1283	1
290	1284	1
290	1285	1
290	1286	1
291	1287	1
291	1288	1
292	1289	1
292	1290	1
292	1291	1
292	1292	1
292	1293	1
293	1294	1
293	1295	1
295	1298	1
295	1299	1
295	1300	1
295	1301	1
297	1304	1
297	1305	1
297	1306	1
297	1307	1
297	1308	1
298	1309	1
298	1310	1
298	1311	1
299	1312	1
299	1313	1
299	1314	1
299	1315	1
299	1316	1
300	1317	1
300	1318	1
303	1324	1
303	1325	1
303	1326	1
303	1327	1
303	1328	1
304	1329	1
304	1330	1
304	1331	1
304	1332	1
304	1333	1
305	1334	1
305	1335	1
306	1336	1
306	1337	1
306	1338	1
307	1339	1
307	1340	1
307	1341	1
307	1342	1
307	1343	1
308	1344	1
308	1345	1
308	1346	1
308	1347	1
310	1352	1
310	1353	1
311	1354	1
311	1356	1
311	1359	1
311	1360	1
313	1361	1
313	1362	1
316	1368	1
316	1369	1
316	1370	1
317	1371	1
317	1372	1
317	1373	1
318	1375	1
318	1376	1
318	1377	1
319	1378	1
319	1379	1
320	1380	1
320	1381	1
320	1382	1
320	1383	1
320	1384	1
320	1385	1
320	1386	1
320	1387	1
321	1388	1
321	1389	1
322	1390	1
322	1391	1
323	1392	1
323	1393	1
325	1401	1
325	1402	1
325	1403	1
326	1404	1
326	1405	1
326	1406	1
326	1407	1
327	1408	1
327	1409	1
327	1410	1
327	1411	1
327	1412	1
327	1413	1
328	1414	1
328	1417	1
329	1415	1
329	1416	1
330	1418	1
330	1419	1
330	1420	1
331	1421	1
331	1422	1
331	1423	1
331	1424	1
332	1425	1
332	1426	1
333	1427	1
333	1428	1
333	1429	1
334	1430	1
334	1431	1
335	1432	1
335	1433	1
335	1434	1
335	1435	1
337	1437	1
337	1438	1
339	1444	1
339	1445	1
339	1446	1
339	1447	1
339	1448	1
340	1449	1
340	1450	1
340	1451	1
340	1452	1
340	1453	1
341	1454	1
341	1455	1
341	1456	1
341	1457	1
341	1458	1
342	1459	1
342	1460	1
342	1461	1
344	1464	1
344	1465	1
345	1466	1
345	1467	1
345	1468	1
345	1469	1
346	1470	1
346	1471	1
346	1472	1
346	1473	1
346	1474	1
346	1475	1
346	1476	1
346	1477	1
347	1478	1
347	1479	1
349	1483	1
349	1484	1
349	1485	1
349	1486	1
349	1487	1
350	1488	1
350	1489	1
350	1490	1
350	1491	1
351	1492	1
351	1493	1
351	1494	1
352	1495	1
352	1496	1
353	1497	1
353	1498	1
353	1499	1
355	1507	1
355	1508	1
355	1509	1
355	1510	1
355	1511	1
355	1512	1
356	1513	1
356	1514	1
356	1515	1
356	1516	1
356	1517	1
356	1518	1
356	1519	1
356	1520	1
357	1521	1
357	1522	1
357	1523	1
357	1524	1
357	1525	1
358	1526	1
358	1527	1
358	1528	1
358	1529	1
359	1530	1
359	1531	1
359	1532	1
360	1533	1
360	1534	1
360	1535	1
360	1536	1
360	1537	1
362	1541	1
362	1542	1
362	1543	1
362	1544	1
363	1545	1
363	1546	1
363	1547	1
363	1548	1
363	1549	1
364	1550	1
364	1551	1
364	1552	1
365	1553	1
365	1554	1
366	1555	1
366	1556	1
366	1557	1
367	1558	1
367	1559	1
367	1560	1
368	1561	1
368	1562	1
368	1563	1
368	1564	1
368	1565	1
368	1566	1
370	1569	1
370	1570	1
370	1571	1
370	1572	1
370	1573	1
370	1574	1
371	1575	1
371	1576	1
371	1577	1
371	1578	1
371	1579	1
371	1580	1
371	1581	1
371	1582	1
373	1585	1
373	1586	1
373	1587	1
373	1588	1
374	1589	1
374	1590	1
374	1591	1
374	1592	1
375	1593	1
375	1594	1
375	1595	1
376	1596	1
376	1597	1
376	1598	1
376	1599	1
377	1600	1
377	1601	1
378	1602	1
378	1603	1
378	1604	1
379	1605	1
379	1606	1
380	1607	1
380	1608	1
380	1609	1
381	1610	1
381	1611	1
382	1612	1
382	1613	1
382	1614	1
382	1615	1
382	1616	1
382	1617	1
382	1618	1
382	1619	1
382	1620	1
382	1621	1
383	1622	1
383	1623	1
383	1624	1
383	1625	1
384	1626	1
384	1627	1
384	1628	1
385	1629	1
385	1630	1
386	1631	1
386	1632	1
386	1633	1
387	1634	1
387	1635	1
387	1636	1
388	1637	1
388	1638	1
388	1639	1
388	1640	1
388	1641	1
388	1642	1
389	1643	1
389	1644	1
390	1645	1
390	1646	1
390	1647	1
390	1648	1
390	1649	1
390	1650	1
391	1651	1
391	1652	1
391	1653	1
392	1654	1
392	1655	1
392	1656	1
393	1657	1
393	1658	1
393	1659	1
393	1660	1
393	1661	1
395	1671	1
395	1672	1
396	1673	1
396	1674	1
396	1675	1
396	1676	1
396	1677	1
398	1680	1
398	1681	1
398	1682	1
398	1683	1
398	1684	1
398	1685	1
399	1686	1
399	1687	1
399	1688	1
400	1689	1
400	1690	1
400	1691	1
402	1698	1
402	1699	1
402	1700	1
402	1701	1
402	1702	1
402	1703	1
402	1704	1
403	1705	1
403	1706	1
403	1707	1
403	1708	1
403	1709	1
403	1710	1
404	1711	1
404	1712	1
404	1713	1
405	1714	1
405	1715	1
405	1716	1
405	1717	1
407	1721	1
407	1722	1
408	1723	1
408	1724	1
409	1725	1
409	1726	1
409	1727	1
409	1728	1
409	1729	1
409	1730	1
409	1731	1
410	1732	1
410	1733	1
410	1734	1
410	1735	1
410	1736	1
411	1737	1
411	1738	1
411	1739	1
411	1740	1
411	1741	1
411	1742	1
413	1746	1
413	1747	1
413	1748	1
413	1749	1
414	1750	1
414	1751	1
414	1752	1
416	1757	1
416	1758	1
416	1759	1
416	1760	1
418	1764	1
418	1765	1
418	1766	1
418	1767	1
418	1768	1
420	1771	1
420	1772	1
420	1773	1
420	1774	1
421	1775	1
421	1776	1
421	1777	1
422	1778	1
422	1779	1
422	1780	1
422	1781	1
422	1782	1
422	1783	1
423	1784	1
423	1785	1
423	1786	1
423	1787	1
423	1788	1
424	1789	1
424	1790	1
424	1791	1
424	1792	1
425	1793	1
425	1794	1
425	1795	1
425	1796	1
426	1797	1
426	1798	1
426	1799	1
427	1800	1
427	1801	1
428	1802	1
428	1803	1
428	1804	1
428	1805	1
428	1806	1
429	1807	1
429	1808	1
429	1809	1
429	1810	1
429	1811	1
429	1812	1
433	1823	1
433	1824	1
433	1825	1
433	1826	1
433	1827	1
433	1828	1
434	1829	1
434	1830	1
434	1831	1
434	1832	1
434	1833	1
435	1835	1
435	1836	1
435	1837	1
435	1838	1
436	1839	1
436	1840	1
437	1841	1
437	1842	1
437	1843	1
437	1844	1
438	1845	1
438	1846	1
438	1847	1
438	1848	1
439	1849	1
439	1850	1
439	1851	1
440	1852	1
440	1853	1
440	1854	1
440	1855	1
441	1856	1
441	1857	1
441	1858	1
441	1859	1
441	1860	1
441	1861	1
442	1862	1
442	1863	1
442	1864	1
444	1869	1
444	1870	1
445	1871	1
445	1872	1
445	1873	1
446	1874	1
446	1875	1
446	1876	1
447	1877	1
447	1878	1
447	1879	1
447	1880	1
448	1881	1
448	1882	1
449	1883	1
449	1884	1
449	1885	1
450	1886	1
450	1887	1
451	1888	1
451	1889	1
455	1905	1
455	1906	1
455	1907	1
455	1908	1
455	1909	1
455	1910	1
455	1911	1
457	1918	1
457	1919	1
458	1920	1
458	1921	1
458	1922	1
458	1923	1
458	1924	1
459	1925	1
459	1926	1
460	1927	1
460	1928	1
462	1931	1
462	1932	1
462	1933	1
463	1934	1
463	1935	1
463	1936	1
463	1937	1
464	1938	1
464	1939	1
466	1942	1
466	1943	1
466	1944	1
466	1945	1
467	1946	1
467	1947	1
467	1948	1
467	1949	1
468	1950	1
468	1951	1
468	1952	1
469	1953	1
469	1954	1
469	1955	1
469	1956	1
469	1957	1
469	1958	1
469	1959	1
470	1960	1
470	1961	1
470	1962	1
470	1963	1
470	1964	1
470	1965	1
470	1966	1
470	1967	1
471	1968	1
471	1969	1
471	1970	1
471	1971	1
471	1972	1
471	1973	1
471	1974	1
472	1975	1
472	1976	1
472	1977	1
474	1982	1
474	1983	1
474	1984	1
474	1985	1
474	1986	1
475	1987	1
475	1988	1
476	1989	1
476	1990	1
476	1991	1
476	1992	1
480	2004	1
480	2005	1
482	2008	1
482	2009	1
482	2010	1
482	2011	1
482	2012	1
482	2013	1
484	2019	1
484	2020	1
484	2021	1
484	2022	1
484	2023	1
485	2024	1
485	2025	1
485	2026	1
485	2027	1
486	2028	1
486	2029	1
487	2030	1
487	2031	1
487	2032	1
487	2033	1
489	2039	1
489	2040	1
489	2041	1
489	2042	1
490	2043	1
490	2044	1
491	2045	1
491	2046	1
491	2047	1
491	2048	1
492	2049	1
492	2050	1
492	2051	1
492	2052	1
494	2066	1
494	2067	1
494	2068	1
494	2069	1
494	2070	1
494	2071	1
494	2072	1
496	2077	1
496	2078	1
497	2079	1
497	2080	1
497	2081	1
497	2082	1
498	2083	1
498	2084	1
498	2085	1
498	2086	1
499	2087	1
499	2088	1
499	2089	1
499	2090	1
499	2091	1
500	2092	1
500	2093	1
501	2094	1
501	2095	1
501	2096	1
501	2097	1
501	2098	1
502	2099	1
502	2100	1
502	2101	1
502	2102	1
502	2103	1
504	2108	1
504	2109	1
504	2110	1
504	2111	1
504	2112	1
505	2113	1
505	2114	1
505	2115	1
505	2116	1
508	2125	1
508	2126	1
508	2127	1
508	2128	1
510	2132	1
510	2133	1
510	2134	1
510	2135	1
510	2136	1
512	2139	1
512	2140	1
512	2141	1
512	2142	1
512	2143	1
514	2148	1
514	2149	1
515	2150	1
515	2151	1
515	2152	1
515	2153	1
516	2154	1
516	2155	1
517	2156	1
517	2157	1
517	2158	1
518	2159	1
518	2160	1
519	2161	1
519	2162	1
519	2163	1
519	2164	1
521	2172	1
521	2173	1
522	2176	1
522	2177	1
522	2178	1
522	2179	1
522	2180	1
522	2181	1
523	2182	1
523	2183	1
524	2184	1
524	2185	1
524	2186	1
524	2187	1
525	2188	1
525	2189	1
525	2190	1
525	2191	1
525	2192	1
525	2193	1
526	2194	1
526	2195	1
526	2196	1
526	2197	1
526	2198	1
527	2199	1
527	2200	1
527	2201	1
527	2202	1
528	2203	1
528	2204	1
528	2205	1
530	2209	1
530	2210	1
530	2211	1
530	2212	1
531	2213	1
531	2214	1
531	2215	1
531	2216	1
531	2217	1
531	2218	1
531	2219	1
532	2220	1
532	2221	1
532	2222	1
532	2223	1
532	2224	1
533	2225	1
533	2226	1
533	2227	1
535	2230	1
535	2231	1
535	2232	1
535	2233	1
536	2234	1
536	2235	1
536	2236	1
536	2237	1
536	2238	1
536	2239	1
536	2240	1
536	2241	1
537	2242	1
537	2243	1
537	2244	1
538	2245	1
538	2246	1
539	2247	1
539	2248	1
539	2249	1
539	2250	1
539	2251	1
541	2258	1
541	2259	1
541	2260	1
541	2261	1
541	2262	1
541	2263	1
542	2264	1
542	2265	1
542	2266	1
542	2267	1
542	2268	1
543	2269	1
543	2270	1
543	2271	1
543	2272	1
544	2273	1
544	2274	1
545	2275	1
545	2276	1
545	2277	1
545	2278	1
546	2279	1
546	2280	1
546	2281	1
546	2282	1
547	2283	1
547	2284	1
548	2285	1
548	2286	1
548	2287	1
548	2288	1
549	2289	1
549	2290	1
550	2291	1
550	2292	1
551	2293	1
551	2294	1
552	2295	1
552	2296	1
552	2297	1
554	2302	1
554	2303	1
556	2309	1
556	2310	1
557	2311	1
557	2312	1
557	2313	1
559	2318	1
559	2319	1
559	2320	1
560	2321	1
560	2322	1
561	2323	1
561	2324	1
562	2325	1
562	2326	1
562	2327	1
562	2328	1
562	2329	1
562	2330	1
563	2331	1
563	2332	1
563	2333	1
563	2334	1
563	2335	1
563	2336	1
564	2337	1
564	2338	1
564	2339	1
564	2340	1
564	2341	1
565	2342	1
565	2343	1
565	2344	1
567	2347	1
567	2348	1
567	2349	1
567	2350	1
567	2351	1
567	2352	1
567	2353	1
568	2354	1
568	2357	1
569	2355	1
569	2356	1
570	2358	1
570	2359	1
570	2360	1
571	2361	1
571	2362	1
571	2363	1
571	2364	1
571	2365	1
572	2366	1
572	2367	1
572	2368	1
574	2377	1
574	2378	1
575	2379	1
575	2380	1
575	2381	1
575	2382	1
575	2383	1
575	2384	1
577	2387	1
577	2388	1
577	2389	1
577	2390	1
578	2391	1
578	2392	1
578	2393	1
579	2394	1
579	2395	1
579	2396	1
579	2397	1
579	2398	1
580	2399	1
580	2400	1
580	2401	1
581	2402	1
581	2403	1
581	2404	1
581	2405	1
581	2406	1
582	2407	1
582	2408	1
582	2409	1
582	2410	1
582	2411	1
583	2412	1
583	2413	1
583	2414	1
584	2415	1
584	2418	1
584	2419	1
585	2416	1
585	2417	1
585	2420	1
585	2421	1
586	2422	1
586	2423	1
588	2426	1
588	2427	1
588	2428	1
590	2431	1
590	2432	1
590	2433	1
591	2434	1
591	2435	1
593	2438	1
593	2439	1
593	2440	1
594	2441	1
594	2442	1
594	2443	1
594	2444	1
595	2445	1
595	2446	1
595	2447	1
596	2448	1
596	2449	1
596	2450	1
597	2451	1
597	2452	1
597	2453	1
598	2454	1
598	2455	1
598	2456	1
598	2457	1
599	2458	1
599	2459	1
600	2460	1
600	2461	1
600	2462	1
601	2463	1
601	2464	1
602	2465	1
602	2466	1
602	2467	1
603	2468	1
603	2469	1
604	2470	1
604	2471	1
604	2472	1
605	2473	1
605	2474	1
605	2475	1
605	2476	1
605	2477	1
606	2478	1
606	2479	1
606	2480	1
607	2481	1
607	2482	1
607	2483	1
608	2484	1
608	2485	1
609	2486	1
609	2487	1
611	2491	1
611	2492	1
611	2493	1
613	2497	1
613	2498	1
613	2499	1
613	2500	1
614	2501	1
614	2502	1
614	2503	1
614	2504	1
615	2505	1
615	2506	1
615	2507	1
615	2508	1
616	2509	1
616	2510	1
616	2511	1
616	2512	1
616	2513	1
617	2514	1
617	2515	1
617	2516	1
618	2517	1
618	2518	1
618	2519	1
618	2520	1
618	2521	1
618	2522	1
620	2525	1
620	2526	1
622	2531	1
622	2532	1
622	2533	1
622	2534	1
623	2535	1
623	2536	1
624	2537	1
624	2538	1
625	2539	1
625	2540	1
625	2541	1
625	2542	1
625	2543	1
626	2544	1
626	2545	1
626	2546	1
626	2547	1
627	2548	1
627	2549	1
627	2550	1
627	2551	1
628	2552	1
628	2553	1
628	2554	1
628	2555	1
629	2556	1
629	2557	1
629	2558	1
629	2559	1
630	2560	1
630	2561	1
630	2562	1
630	2563	1
631	2564	1
631	2565	1
631	2566	1
635	2575	1
635	2576	1
636	2577	1
636	2578	1
637	2579	1
637	2580	1
637	2581	1
637	2582	1
638	2583	1
638	2586	1
638	2587	1
641	2592	1
641	2593	1
641	2594	1
643	2598	1
643	2599	1
644	2600	1
644	2601	1
645	2602	1
645	2603	1
645	2604	1
645	2605	1
645	2606	1
647	2611	1
647	2612	1
647	2613	1
648	2614	1
648	2615	1
648	2616	1
648	2617	1
648	2618	1
649	2619	1
649	2620	1
649	2621	1
649	2622	1
650	2623	1
650	2624	1
651	2625	1
651	2626	1
651	2627	1
652	2628	1
652	2629	1
652	2630	1
652	2631	1
653	2632	1
653	2633	1
653	2634	1
653	2635	1
654	2636	1
654	2637	1
654	2638	1
655	2639	1
655	2640	1
655	2641	1
655	2642	1
656	2643	1
656	2644	1
657	2645	1
657	2646	1
657	2647	1
658	2648	1
658	2649	1
659	2650	1
659	2651	1
659	2652	1
659	2653	1
660	2654	1
660	2655	1
661	2656	1
661	2657	1
661	2658	1
661	2659	1
662	2660	1
662	2661	1
663	2662	1
663	2663	1
663	2664	1
666	2673	1
666	2674	1
667	2675	1
667	2676	1
667	2677	1
668	2678	1
668	2679	1
669	2682	1
669	2683	1
669	2684	1
670	2685	1
670	2686	1
671	2687	1
671	2688	1
673	2693	1
673	2694	1
673	2695	1
674	2696	1
674	2697	1
675	2698	1
675	2699	1
675	2700	1
675	2701	1
676	2702	1
676	2703	1
677	2704	1
677	2705	1
677	2706	1
677	2707	1
677	2708	1
678	2709	1
678	2710	1
678	2711	1
678	2712	1
679	2713	1
679	2714	1
679	2715	1
679	2716	1
679	2717	1
680	2720	1
680	2721	1
680	2722	1
681	2723	1
681	2724	1
681	2725	1
682	2726	1
682	2727	1
682	2728	1
682	2729	1
683	2730	1
683	2731	1
684	2732	1
684	2733	1
684	2734	1
684	2735	1
685	2736	1
685	2737	1
685	2738	1
685	2739	1
686	2740	1
686	2741	1
686	2742	1
686	2743	1
687	2744	1
687	2745	1
687	2746	1
688	2747	1
688	2748	1
690	2753	1
690	2754	1
690	2755	1
690	2756	1
691	2757	1
691	2758	1
692	2759	1
692	2760	1
693	2761	1
693	2762	1
694	2763	1
694	2764	1
694	2765	1
695	2766	1
695	2767	1
696	2768	1
696	2769	1
696	2770	1
696	2771	1
697	2772	1
697	2773	1
698	2774	1
698	2775	1
699	2776	1
699	2777	1
700	2778	1
700	2779	1
700	2780	1
701	2781	1
701	2782	1
701	2783	1
701	2784	1
701	2785	1
702	2786	1
702	2787	1
702	2788	1
702	2789	1
702	2790	1
703	2791	1
703	2792	1
705	2795	1
705	2796	1
705	2797	1
705	2798	1
705	2799	1
707	2804	1
707	2805	1
709	2809	1
709	2810	1
710	2811	1
710	2812	1
711	2813	1
711	2814	1
711	2815	1
711	2816	1
712	2817	1
712	2818	1
712	2819	1
713	2820	1
713	2821	1
713	2822	1
714	2823	1
714	2824	1
715	2825	1
715	2826	1
715	2827	1
715	2828	1
715	2829	1
715	2830	1
715	2831	1
716	2832	1
716	2833	1
716	2834	1
716	2835	1
716	2836	1
717	2837	1
717	2838	1
717	2839	1
717	2840	1
718	2841	1
718	2842	1
720	2845	1
720	2846	1
720	2847	1
720	2848	1
721	2849	1
721	2850	1
721	2851	1
721	2852	1
721	2853	1
722	2854	1
722	2855	1
722	2856	1
724	2860	1
724	2861	1
725	2862	1
725	2863	1
727	2866	1
727	2867	1
728	2868	1
728	2869	1
729	2870	1
729	2871	1
730	2872	1
730	2873	1
730	2874	1
730	2875	1
731	2876	1
731	2877	1
731	2878	1
731	2879	1
732	2880	1
732	2881	1
732	2882	1
732	2883	1
734	2889	1
734	2890	1
735	2891	1
735	2892	1
736	2893	1
736	2894	1
737	2895	1
737	2896	1
738	2897	1
738	2898	1
738	2899	1
738	2900	1
739	2901	1
739	2902	1
741	2905	1
741	2906	1
741	2907	1
741	2908	1
742	2910	1
742	2911	1
743	2912	1
743	2913	1
743	2914	1
744	2915	1
744	2918	1
745	2916	1
745	2917	1
746	2919	1
746	2920	1
746	2921	1
746	2922	1
747	2923	1
747	2924	1
747	2925	1
747	2926	1
748	2927	1
748	2928	1
748	2929	1
749	2930	1
749	2931	1
751	2934	1
751	2935	1
752	2936	1
752	2937	1
752	2938	1
753	2939	1
753	2940	1
754	2941	1
754	2942	1
756	2947	1
756	2948	1
757	2949	1
757	2950	1
757	2951	1
757	2952	1
759	2957	1
759	2958	1
760	2959	1
760	2960	1
761	2961	1
761	2962	1
761	2963	1
763	2968	1
763	2969	1
764	2970	1
764	2971	1
764	2972	1
764	2973	1
764	2974	1
765	2975	1
765	2976	1
767	2979	1
767	2980	1
768	2981	1
768	2982	1
768	2983	1
768	2984	1
769	2985	1
769	2986	1
771	2990	1
771	2991	1
772	2992	1
772	2993	1
773	2994	1
773	2995	1
774	2996	1
774	2997	1
775	2998	1
775	2999	1
775	3000	1
775	3001	1
777	3004	1
777	3005	1
777	3006	1
777	3007	1
778	3008	1
778	3009	1
779	3010	1
779	3011	1
781	3017	1
781	3018	1
781	3019	1
782	3020	1
782	3021	1
783	3022	1
783	3023	1
784	3024	1
784	3025	1
784	3026	1
785	3027	1
785	3028	1
785	3029	1
787	3033	1
787	3034	1
788	3035	1
788	3036	1
791	3041	1
791	3042	1
792	3043	1
792	3044	1
793	3045	1
793	3046	1
794	3047	1
794	3048	1
795	3049	1
795	3050	1
796	3051	1
796	3052	1
796	3053	1
797	3054	1
797	3055	1
798	3056	1
798	3057	1
799	3058	1
799	3059	1
802	3068	1
802	3069	1
802	3070	1
802	3071	1
802	3072	1
802	3073	1
803	3074	1
803	3075	1
803	3076	1
804	3077	1
804	3078	1
804	3079	1
805	3080	1
805	3081	1
805	3082	1
805	3083	1
806	3084	1
806	3085	1
806	3086	1
806	3087	1
806	3088	1
807	3089	1
807	3090	1
807	3091	1
807	3092	1
807	3093	1
807	3094	1
809	3100	1
809	3101	1
809	3102	1
809	3103	1
811	3110	1
811	3111	1
811	3112	1
811	3113	1
811	3114	1
812	3115	1
812	3116	1
812	3117	1
814	3122	1
814	3123	1
814	3124	1
814	3126	1
815	3127	1
815	3128	1
815	3129	1
818	3139	1
818	3140	1
818	3141	1
818	3142	1
819	3143	1
819	3144	1
819	3145	1
819	3146	1
819	3147	1
819	3148	1
819	3149	1
821	3152	1
821	3153	1
821	3154	1
821	3155	1
821	3156	1
822	3157	1
822	3158	1
822	3159	1
822	3160	1
822	3161	1
823	3162	1
823	3163	1
825	3168	1
825	3169	1
825	3170	1
825	3171	1
825	3172	1
825	3173	1
827	3176	1
827	3177	1
830	3190	1
830	3191	1
830	3192	1
830	3193	1
831	3194	1
831	3195	1
831	3196	1
831	3197	1
832	3198	1
832	3202	1
833	3199	1
833	3200	1
833	3201	1
834	3203	1
834	3204	1
834	3205	1
834	3206	1
834	3207	1
834	3208	1
834	3209	1
834	3210	1
835	3211	1
835	3212	1
835	3213	1
835	3214	1
835	3215	1
836	3217	1
836	3218	1
837	3219	1
837	3220	1
837	3221	1
837	3222	1
838	3223	1
838	3224	1
838	3225	1
838	3226	1
839	3227	1
839	3228	1
839	3229	1
839	3230	1
840	3231	1
840	3232	1
841	3233	1
841	3234	1
842	3235	1
842	3236	1
844	3241	1
844	3242	1
845	3243	1
845	3244	1
845	3245	1
845	3246	1
845	3247	1
845	3248	1
846	3249	1
846	3250	1
846	3251	1
846	3252	1
847	3253	1
847	3254	1
847	3255	1
848	3256	1
848	3257	1
848	3258	1
849	3259	1
849	3260	1
849	3261	1
850	3262	1
850	3263	1
851	3265	1
851	3266	1
851	3267	1
851	3268	1
851	3269	1
851	3270	1
851	3271	1
852	3272	1
852	3273	1
852	3274	1
852	3275	1
853	3276	1
853	3277	1
853	3278	1
853	3279	1
854	3280	1
854	3281	1
854	3282	1
854	3283	1
856	3286	1
856	3287	1
856	3288	1
857	3289	1
857	3290	1
857	3291	1
857	3292	1
857	3293	1
857	3294	1
857	3295	1
858	3296	1
858	3297	1
858	3298	1
858	3299	1
858	3300	1
858	3301	1
858	3302	1
858	3303	1
859	3304	1
859	3305	1
859	3306	1
859	3307	1
860	3308	1
860	3309	1
860	3310	1
860	3311	1
862	3315	1
862	3316	1
862	3317	1
862	3318	1
863	3319	1
863	3320	1
863	3321	1
863	3322	1
864	3323	1
864	3324	1
865	3325	1
865	3326	1
865	3327	1
865	3328	1
866	3329	1
866	3330	1
869	3337	1
869	3338	1
871	3341	1
871	3342	1
871	3348	1
871	3349	1
874	3352	1
874	3353	1
874	3354	1
875	3355	1
875	3356	1
875	3357	1
876	3358	1
876	3359	1
876	3360	1
876	3361	1
876	3363	1
876	3364	1
876	3365	1
877	3366	1
877	3367	1
878	3368	1
878	3369	1
878	3370	1
878	3371	1
881	3380	1
881	3381	1
882	3382	1
882	3383	1
882	3384	1
882	3385	1
883	3386	1
883	3387	1
884	3388	1
884	3389	1
884	3390	1
885	3391	1
885	3392	1
885	3393	1
885	3394	1
885	3395	1
886	3396	1
886	3397	1
886	3398	1
887	3399	1
887	3400	1
887	3401	1
887	3402	1
887	3403	1
887	3404	1
888	3405	1
888	3406	1
888	3407	1
888	3408	1
888	3410	1
888	3411	1
888	3413	1
890	3414	1
890	3415	1
890	3416	1
890	3417	1
890	3418	1
890	3419	1
890	3420	1
890	3421	1
891	3422	1
891	3423	1
891	3424	1
891	3425	1
892	3426	1
892	3427	1
892	3428	1
892	3429	1
892	3430	1
892	3431	1
893	3432	1
893	3433	1
893	3434	1
893	3435	1
893	3436	1
893	3437	1
894	3438	1
894	3439	1
894	3440	1
894	3441	1
895	3442	1
895	3443	1
896	3444	1
896	3445	1
896	3446	1
896	3447	1
896	3448	1
897	3449	1
897	3450	1
897	3451	1
897	3452	1
898	3453	1
898	3454	1
898	3455	1
898	3456	1
899	3457	1
899	3458	1
899	3459	1
899	3460	1
900	3461	1
900	3462	1
900	3463	1
900	3464	1
901	3465	1
901	3466	1
902	3467	1
902	3468	1
902	3469	1
902	3470	1
902	3471	1
903	3472	1
903	3473	1
904	3474	1
904	3475	1
904	3476	1
904	3477	1
905	3480	1
905	3481	1
905	3482	1
905	3483	1
906	3484	1
906	3485	1
907	3486	1
907	3487	1
907	3488	1
907	3489	1
907	3490	1
909	3496	1
909	3497	1
909	3498	1
909	3499	1
909	3500	1
910	3501	1
910	3502	1
912	3505	1
912	3506	1
912	3507	1
913	3508	1
913	3509	1
913	3510	1
913	3511	1
914	3512	1
914	3513	1
914	3514	1
914	3515	1
915	3516	1
915	3517	1
915	3518	1
916	3519	1
916	3520	1
916	3521	1
917	3522	1
917	3523	1
917	3524	1
919	3527	1
919	3528	1
919	3529	1
920	3530	1
920	3531	1
920	3532	1
920	3533	1
920	3534	1
921	3535	1
921	3536	1
921	3537	1
922	3538	1
922	3539	1
922	3540	1
922	3541	1
922	3542	1
922	3543	1
923	3544	1
923	3545	1
923	3546	1
923	3547	1
923	3548	1
924	3549	1
924	3550	1
924	3551	1
924	3552	1
924	3553	1
924	3554	1
925	3555	1
925	3556	1
925	3557	1
925	3558	1
925	3559	1
925	3560	1
926	3561	1
926	3562	1
926	3563	1
927	3564	1
927	3565	1
927	3566	1
927	3567	1
927	3568	1
927	3569	1
929	3572	1
929	3573	1
929	3574	1
929	3575	1
929	3576	1
929	3577	1
930	3578	1
930	3579	1
930	3580	1
930	3581	1
930	3582	1
930	3583	1
930	3584	1
931	3585	1
931	3586	1
932	3587	1
932	3588	1
932	3589	1
933	3590	1
933	3591	1
933	3592	1
935	3598	1
935	3599	1
935	3600	1
935	3601	1
937	3604	1
937	3605	1
937	3606	1
937	3607	1
938	3608	1
938	3609	1
938	3610	1
938	3611	1
938	3612	1
939	3613	1
939	3614	1
939	3615	1
939	3616	1
939	3617	1
939	3618	1
939	3619	1
939	3620	1
940	3621	1
940	3622	1
940	3623	1
940	3624	1
940	3625	1
941	3626	1
941	3627	1
941	3628	1
941	3629	1
941	3630	1
943	3635	1
943	3636	1
943	3637	1
946	3646	1
946	3647	1
946	3648	1
947	3649	1
947	3650	1
947	3651	1
947	3652	1
947	3653	1
947	3654	1
948	3655	1
948	3656	1
949	3657	1
949	3658	1
949	3659	1
949	3660	1
949	3661	1
950	3662	1
950	3663	1
950	3664	1
950	3665	1
950	3666	1
950	3667	1
950	3668	1
951	3669	1
951	3670	1
951	3671	1
951	3672	1
951	3673	1
951	3674	1
951	3675	1
951	3676	1
952	3677	1
952	3678	1
953	3679	1
953	3680	1
953	3681	1
953	3682	1
953	3683	1
954	3684	1
954	3685	1
954	3686	1
955	3687	1
955	3688	1
955	3689	1
955	3690	1
955	3691	1
955	3692	1
956	3693	1
956	3694	1
956	3695	1
956	3696	1
956	3697	1
957	3698	1
957	3699	1
957	3700	1
958	3701	1
958	3702	1
958	3703	1
958	3704	1
958	3705	1
958	3706	1
959	3707	1
959	3708	1
961	3712	1
961	3713	1
961	3714	1
962	3715	1
962	3716	1
962	3717	1
963	3718	1
963	3719	1
963	3720	1
964	3721	1
964	3722	1
964	3725	1
964	3726	1
965	3723	1
965	3724	1
966	3727	1
966	3728	1
966	3729	1
966	3730	1
967	3731	1
967	3732	1
967	3733	1
967	3734	1
968	3735	1
968	3736	1
970	3741	1
970	3742	1
970	3743	1
970	3744	1
970	3745	1
970	3746	1
970	3747	1
971	3748	1
971	3749	1
971	3750	1
971	3753	1
972	3751	1
972	3752	1
973	3754	1
973	3755	1
973	3756	1
973	3757	1
973	3758	1
973	3759	1
973	3760	1
973	3761	1
974	3762	1
974	3763	1
974	3764	1
974	3765	1
978	3773	1
978	3774	1
978	3775	1
978	3776	1
979	3778	1
979	3779	1
979	3780	1
979	3781	1
980	3782	1
980	3783	1
980	3784	1
980	3785	1
980	3786	1
980	3787	1
981	3788	1
981	3789	1
982	3790	1
982	3791	1
982	3792	1
982	3793	1
983	3794	1
983	3795	1
984	3796	1
984	3797	1
984	3798	1
984	3799	1
985	3800	1
985	3801	1
985	3802	1
985	3803	1
985	3804	1
985	3805	1
985	3806	1
985	3807	1
985	3808	1
985	3809	1
985	3810	1
986	3811	1
986	3812	1
986	3813	1
987	3814	1
987	3815	1
987	3816	1
987	3817	1
987	3818	1
987	3819	1
988	3820	1
988	3821	1
988	3822	1
988	3823	1
988	3824	1
988	3825	1
988	3826	1
988	3827	1
989	3828	1
989	3829	1
989	3830	1
989	3831	1
990	3832	1
990	3833	1
990	3834	1
990	3835	1
990	3836	1
990	3837	1
990	3838	1
990	3839	1
991	3840	1
991	3841	1
991	3842	1
991	3843	1
991	3844	1
993	3850	1
993	3851	1
993	3852	1
994	3853	1
994	3854	1
994	3855	1
994	3856	1
995	3857	1
995	3858	1
995	3859	1
995	3860	1
995	3861	1
998	3872	1
998	3873	1
998	3874	1
998	3875	1
999	3876	1
999	3877	1
999	3878	1
999	3879	1
1000	3880	1
1000	3881	1
1000	3882	1
1000	3883	1
1001	3884	1
1001	3885	1
1001	3886	1
1001	3887	1
1001	3888	1
1001	3889	1
1002	3890	1
1002	3891	1
1002	3892	1
1002	3893	1
1002	3894	1
1003	3895	1
1003	3896	1
1004	3897	1
1004	3898	1
1006	3902	1
1006	3903	1
1006	3904	1
1006	3905	1
1006	3906	1
1007	3907	1
1007	3908	1
1008	3909	1
1008	3910	1
1008	3911	1
1010	3915	1
1010	3916	1
1010	3917	1
1010	3918	1
1010	3919	1
1010	3920	1
1010	3921	1
1011	3922	1
1011	3923	1
1012	3924	1
1012	3925	1
1012	3926	1
1012	3927	1
1013	3928	1
1013	3929	1
1013	3930	1
1013	3931	1
1013	3932	1
1014	3933	1
1014	3934	1
1014	3935	1
1014	3936	1
1014	3937	1
1014	3938	1
1015	3939	1
1015	3940	1
1016	3941	1
1016	3942	1
1016	3943	1
1016	3944	1
1016	3945	1
1017	3946	1
1017	3947	1
1017	3948	1
1019	3955	1
1019	3956	1
1020	3957	1
1020	3958	1
1020	3959	1
1021	3960	1
1021	3961	1
1025	3971	1
1025	3972	1
1025	3973	1
1026	3974	1
1026	3975	1
1028	3980	1
1028	3981	1
1028	3982	1
1029	3984	1
1029	3985	1
1029	3986	1
1030	3987	1
1030	3988	1
1030	3989	1
1031	3990	1
1031	3991	1
1031	3992	1
1032	3993	1
1032	3994	1
1032	3995	1
1033	3996	1
1033	3997	1
1033	3998	1
1033	3999	1
1033	4000	1
1034	4001	1
1034	4002	1
1034	4003	1
1034	4004	1
1035	4005	1
1035	4006	1
1036	4007	1
1036	4008	1
1036	4009	1
1036	4010	1
1037	4011	1
1037	4012	1
1037	4013	1
1038	4014	1
1038	4015	1
1038	4016	1
1038	4017	1
1038	4018	1
1038	4019	1
1039	4020	1
1039	4021	1
1039	4022	1
1039	4023	1
1040	4024	1
1040	4025	1
1040	4026	1
1040	4027	1
1041	4028	1
1041	4029	1
1041	4030	1
1043	4033	1
1043	4034	1
1044	4035	1
1044	4036	1
1044	4037	1
1045	4038	1
1045	4039	1
1045	4040	1
1045	4041	1
1045	4042	1
1045	4043	1
1045	4044	1
1045	4045	1
1046	4046	1
1046	4047	1
1047	4048	1
1047	4049	1
1047	4050	1
1047	4051	1
1047	4052	1
1048	4053	1
1048	4054	1
1049	4055	1
1049	4056	1
1049	4057	1
1049	4058	1
1049	4059	1
1049	4060	1
1050	4061	1
1050	4062	1
1050	4063	1
1050	4064	1
1050	4065	1
1051	4066	1
1051	4067	1
1051	4068	1
1051	4069	1
1051	4070	1
1051	4071	1
1051	4072	1
1052	4073	1
1052	4074	1
1052	4075	1
1053	4076	1
1053	4077	1
1053	4078	1
1054	4079	1
1054	4080	1
1054	4081	1
1054	4082	1
1054	4083	1
1054	4084	1
1054	4085	1
1056	4089	1
1056	4090	1
1057	4091	1
1057	4092	1
1057	4093	1
1057	4094	1
1057	4095	1
1057	4096	1
1058	4097	1
1058	4098	1
1060	4102	1
1060	4103	1
1060	4104	1
1060	4105	1
1063	4114	1
1063	4115	1
1063	4116	1
1063	4117	1
1063	4118	1
1063	4119	1
1063	4120	1
1064	4121	1
1064	4122	1
1068	4136	1
1068	4137	1
1068	4138	1
1068	4139	1
1068	4140	1
1068	4141	1
1068	4142	1
1069	4143	1
1069	4144	1
1070	4145	1
1070	4146	1
1070	4147	1
1070	4148	1
1070	4149	1
1070	4150	1
1071	4151	1
1071	4152	1
1071	4153	1
1072	4154	1
1072	4155	1
1072	4156	1
1072	4158	1
1072	4159	1
1072	4160	1
1073	4157	1
1073	4161	1
1074	4162	1
1074	4163	1
1074	4164	1
1075	4165	1
1075	4166	1
1077	4172	1
1077	4173	1
1077	4174	1
1078	4175	1
1078	4176	1
1079	4177	1
1079	4178	1
1080	4179	1
1080	4180	1
1080	4181	1
1082	4186	1
1082	4187	1
1082	4188	1
1082	4189	1
1085	4194	1
1085	4195	1
1085	4196	1
1085	4197	1
1085	4198	1
1085	4199	1
1085	4200	1
1086	4201	1
1086	4202	1
1086	4203	1
1086	4204	1
1086	4205	1
1086	4206	1
1086	4207	1
1087	4208	1
1087	4209	1
1087	4210	1
1087	4211	1
1087	4212	1
1087	4213	1
1087	4214	1
1088	4215	1
1088	4216	1
1088	4217	1
1088	4218	1
1088	4219	1
1089	4220	1
1089	4221	1
1089	4222	1
1089	4223	1
1089	4224	1
1089	4225	1
1090	4226	1
1090	4227	1
1091	4228	1
1091	4229	1
1091	4230	1
1091	4231	1
1092	4232	1
1092	4233	1
1092	4234	1
1092	4235	1
1093	4236	1
1093	4237	1
1093	4238	1
1093	4239	1
1093	4240	1
1094	4241	1
1094	4242	1
1095	4243	1
1095	4244	1
1095	4245	1
1095	4246	1
1095	4247	1
1095	4248	1
1096	4249	1
1096	4250	1
1096	4251	1
1096	4252	1
1096	4253	1
1096	4254	1
1096	4255	1
1098	4258	1
1098	4259	1
1098	4260	1
1098	4261	1
1099	4262	1
1099	4263	1
1099	4264	1
1100	4265	1
1100	4266	1
1101	4267	1
1101	4268	1
1101	4269	1
1102	4270	1
1102	4271	1
1104	4275	1
1104	4276	1
1104	4277	1
1105	4278	1
1105	4279	1
1105	4280	1
1105	4281	1
1105	4282	1
1106	4283	1
1106	4284	1
1106	4285	1
1107	4286	1
1107	4287	1
1108	4288	1
1108	4289	1
1108	4290	1
1109	4291	1
1109	4292	1
1109	4293	1
1109	4294	1
1110	4295	1
1110	4296	1
1110	4297	1
1111	4298	1
1111	4299	1
1112	4300	1
1112	4301	1
1113	4302	1
1113	4303	1
1113	4304	1
1113	4305	1
1113	4306	1
1114	4308	1
1114	4309	1
1114	4310	1
1115	4311	1
1115	4312	1
1115	4313	1
1115	4314	1
1115	4315	1
1116	4316	1
1116	4317	1
1116	4318	1
1117	4319	1
1117	4320	1
1117	4321	1
1117	4322	1
1118	4323	1
1118	4324	1
1118	4325	1
1118	4326	1
1121	4332	1
1121	4333	1
1121	4334	1
1121	4335	1
1124	4345	1
1124	4346	1
1124	4347	1
1125	4348	1
1125	4349	1
1125	4350	1
1125	4351	1
1125	4352	1
1125	4353	1
1125	4354	1
1126	4355	1
1126	4356	1
1128	4359	1
1128	4360	1
1128	4361	1
1128	4362	1
1128	4363	1
1129	4364	1
1129	4365	1
1129	4366	1
1129	4367	1
1130	4368	1
1130	4369	1
1130	4370	1
1130	4371	1
1131	4372	1
1131	4373	1
1132	4374	1
1132	4375	1
1132	4376	1
1132	4377	1
1132	4378	1
1132	4379	1
1132	4380	1
1133	4381	1
1133	4382	1
1133	4383	1
1135	4392	1
1135	4393	1
1137	4399	1
1137	4400	1
1138	4401	1
1138	4402	1
1138	4403	1
1138	4404	1
1138	4405	1
1139	4406	1
1139	4407	1
1140	4408	1
1140	4409	1
1142	4414	1
1142	4415	1
1142	4416	1
1142	4417	1
1142	4418	1
1143	4419	1
1143	4420	1
1143	4421	1
1143	4422	1
1143	4423	1
1143	4424	1
1145	4433	1
1145	4434	1
1147	4438	1
1147	4439	1
1147	4440	1
1147	4441	1
1147	4442	1
1147	4443	1
1147	4444	1
1148	4445	1
1148	4446	1
1148	4447	1
1149	4448	1
1149	4449	1
1149	4450	1
1149	4451	1
1149	4452	1
1150	4453	1
1150	4454	1
1151	4455	1
1151	4456	1
1151	4457	1
1151	4458	1
1151	4459	1
1152	4460	1
1152	4461	1
1154	4466	1
1154	4467	1
1154	4468	1
1156	4471	1
1156	4472	1
1156	4473	1
1157	4474	1
1157	4475	1
1157	4476	1
1161	4488	1
1161	4489	1
1162	4490	1
1162	4491	1
1162	4492	1
1162	4493	1
1163	4494	1
1163	4495	1
1163	4496	1
1164	4497	1
1164	4498	1
1164	4499	1
1164	4500	1
1164	4501	1
1164	4502	1
1165	4503	1
1165	4504	1
1166	4505	1
1166	4506	1
1167	4507	1
1167	4508	1
1167	4509	1
1168	4510	1
1168	4511	1
1168	4512	1
1169	4513	1
1169	4514	1
1169	4515	1
1169	4516	1
1169	4517	1
1169	4518	1
1169	4519	1
1169	4520	1
1169	4521	1
1169	4522	1
1171	4525	1
1171	4526	1
1173	4530	1
1173	4531	1
1173	4532	1
1174	4535	1
1174	4536	1
1175	4537	1
1175	4538	1
1175	4539	1
1175	4540	1
1175	4541	1
1175	4542	1
1176	4543	1
1176	4544	1
1177	4545	1
1177	4546	1
1178	4547	1
1178	4548	1
1178	4549	1
1179	4550	1
1179	4552	1
1180	4551	1
1180	4553	1
1181	4554	1
1181	4555	1
1181	4556	1
1183	4559	1
1183	4560	1
1184	4561	1
1184	4562	1
1185	4563	1
1185	4564	1
1186	4565	1
1186	4566	1
1186	4567	1
1186	4568	1
1186	4569	1
1186	4570	1
1186	4571	1
1187	4572	1
1187	4573	1
1187	4574	1
1187	4575	1
1187	4576	1
1188	4577	1
1188	4578	1
1188	4579	1
1189	4580	1
1189	4581	1
1189	4582	1
1189	4583	1
1189	4584	1
1189	4585	1
1191	4590	1
1191	4591	1
1191	4592	1
1191	4593	1
1191	4594	1
1192	4595	1
1192	4596	1
1193	4597	1
1193	4598	1
1194	4599	1
1194	4600	1
1194	4601	1
1195	4602	1
1195	4603	1
1196	4604	1
1196	4605	1
1197	4606	1
1197	4607	1
1197	4608	1
1198	4609	1
1198	4610	1
1199	4611	1
1199	4612	1
1199	4613	1
1200	4614	1
1200	4615	1
1202	4622	1
1202	4623	1
1202	4624	1
1204	4629	1
1204	4630	1
1204	4631	1
1204	4632	1
1204	4633	1
1204	4634	1
1204	4635	1
1205	4636	1
1205	4637	1
1205	4638	1
1206	4639	1
1206	4640	1
1206	4641	1
1206	4642	1
1208	4652	1
1208	4653	1
1208	4654	1
1209	4655	1
1209	4656	1
1210	4657	1
1210	4658	1
1210	4659	1
1212	4667	1
1212	4668	1
1213	4669	1
1213	4670	1
1213	4671	1
1213	4672	1
1214	4673	1
1214	4674	1
1214	4675	1
1214	4676	1
1215	4677	1
1215	4678	1
1215	4679	1
1215	4680	1
1216	4681	1
1216	4682	1
1217	4683	1
1217	4684	1
1218	4685	1
1218	4686	1
1221	4692	1
1221	4693	1
1223	4696	1
1223	4697	1
1224	4698	1
1224	4703	1
1225	4699	1
1225	4700	1
1225	4701	1
1225	4702	1
1225	4704	1
1227	4713	1
1227	4714	1
1227	4715	1
1229	4718	1
1229	4719	1
1229	4720	1
1230	4721	1
1230	4722	1
1231	4723	1
1231	4724	1
1232	4725	1
1232	4726	1
1232	4727	1
1232	4728	1
1233	4729	1
1233	4730	1
1233	4731	1
1234	4732	1
1234	4733	1
1235	4734	1
1235	4735	1
1235	4736	1
1235	4737	1
1235	4738	1
1236	4739	1
1236	4740	1
1236	4741	1
1237	4742	1
1237	4743	1
1237	4744	1
1237	4745	1
1238	4746	1
1238	4747	1
1239	4748	1
1239	4749	1
1241	4754	1
1241	4755	1
1243	4759	1
1243	4760	1
1243	4761	1
1244	4762	1
1244	4763	1
1244	4764	1
1244	4765	1
1245	4766	1
1245	4767	1
1245	4768	1
1246	4769	1
1246	4770	1
1247	4771	1
1247	4772	1
1248	4773	1
1248	4774	1
1249	4775	1
1249	4776	1
1251	4780	1
1251	4781	1
1252	4782	1
1252	4783	1
1255	4790	1
1255	4791	1
1256	4792	1
1256	4793	1
1257	4794	1
1257	4795	1
1258	4796	1
1258	4797	1
1259	4798	1
1259	4799	1
1259	4800	1
1259	4801	1
1261	4809	1
1261	4810	1
1261	4811	1
1261	4812	1
1261	4813	1
1262	4814	1
1262	4815	1
1262	4816	1
1262	4817	1
1263	4818	1
1263	4819	1
1263	4820	1
1263	4821	1
1263	4822	1
1264	4823	1
1264	4824	1
1264	4825	1
1264	4826	1
1264	4827	1
1265	4828	1
1265	4829	1
1265	4830	1
1265	4831	1
1266	4832	1
1266	4833	1
1266	4834	1
1266	4835	1
1267	4836	1
1267	4837	1
1268	4838	1
1268	4839	1
1268	4840	1
1268	4841	1
1269	4842	1
1269	4843	1
1269	4844	1
1269	4845	1
1269	4846	1
1270	4847	1
1270	4848	1
1270	4849	1
1270	4850	1
1270	4851	1
1270	4852	1
1271	4853	1
1271	4854	1
1273	4860	1
1273	4861	1
1273	4862	1
1274	4863	1
1274	4864	1
1274	4865	1
1274	4866	1
1275	4867	1
1275	4868	1
1275	4869	1
1275	4870	1
1277	4876	1
1277	4877	1
1277	4878	1
1277	4879	1
1277	4880	1
1277	4881	1
1277	4882	1
1277	4883	1
1278	4884	1
1278	4885	1
1278	4886	1
1278	4887	1
1279	4888	1
1279	4889	1
1279	4890	1
1279	4891	1
1279	4892	1
1279	4893	1
1279	4894	1
1279	4895	1
1280	4896	1
1280	4897	1
1280	4898	1
1280	4899	1
1280	4900	1
1281	4901	1
1281	4902	1
1281	4903	1
1281	4904	1
1281	4905	1
1282	4906	1
1282	4907	1
1282	4908	1
1283	4909	1
1283	4910	1
1283	4911	1
1283	4912	1
1283	4913	1
1283	4914	1
1284	4915	1
1284	4916	1
1284	4917	1
1284	4918	1
1285	4919	1
1285	4920	1
1285	4921	1
1285	4922	1
1285	4923	1
1285	4924	1
1286	4925	1
1286	4926	1
1286	4927	1
1286	4928	1
1287	4929	1
1287	4930	1
1287	4931	1
1287	4932	1
1287	4933	1
1287	4934	1
1288	4935	1
1288	4936	1
1289	4937	1
1289	4938	1
1289	4939	1
1290	4940	1
1290	4941	1
1290	4942	1
1290	4943	1
1290	4944	1
1290	4945	1
1290	4946	1
1290	4947	1
1290	4948	1
1290	4949	1
1291	4950	1
1291	4951	1
1292	4952	1
1292	4953	1
1294	4956	1
1294	4957	1
1294	4958	1
1294	4959	1
1294	4960	1
1296	4963	1
1296	4964	1
1296	4965	1
1296	4966	1
1296	4967	1
1297	4968	1
1297	4969	1
1297	4970	1
1297	4971	1
1297	4972	1
1298	4973	1
1298	4974	1
1298	4975	1
1301	4985	1
1301	4986	1
1301	4987	1
1301	4988	1
1301	4989	1
1305	5001	1
1305	5002	1
1305	5003	1
1305	5004	1
1306	5005	1
1306	5006	1
1307	5007	1
1307	5008	1
1307	5009	1
1307	5010	1
1308	5011	1
1308	5015	1
1308	5016	1
1308	5017	1
1309	5012	1
1309	5013	1
1309	5014	1
1310	5018	1
1310	5019	1
1310	5020	1
1310	5021	1
1310	5022	1
1311	5023	1
1311	5024	1
1311	5025	1
1311	5026	1
1311	5027	1
1311	5028	1
1311	5029	1
1311	5030	1
1311	5031	1
1312	5032	1
1312	5033	1
1312	5034	1
1313	5035	1
1313	5036	1
1314	5037	1
1314	5038	1
1314	5039	1
1314	5040	1
1314	5041	1
1316	5046	1
1316	5047	1
1317	5048	1
1317	5049	1
1317	5050	1
1317	5051	1
1317	5052	1
1319	5056	1
1319	5057	1
1320	5058	1
1320	5059	1
1320	5060	1
1320	5061	1
1320	5062	1
1320	5063	1
1320	5065	1
1320	5066	1
1320	5067	1
1320	5068	1
1321	5064	1
1321	5069	1
1322	5070	1
1322	5071	1
1322	5072	1
1322	5073	1
1322	5074	1
1322	5075	1
1322	5076	1
1322	5077	1
1322	5078	1
1323	5079	1
1323	5080	1
1323	5081	1
1323	5082	1
1323	5083	1
1324	5084	1
1324	5085	1
1325	5086	1
1325	5087	1
1325	5088	1
1325	5089	1
1326	5090	1
1326	5091	1
1328	5096	1
1328	5097	1
1328	5098	1
1329	5099	1
1329	5100	1
1329	5101	1
1329	5102	1
1330	5103	1
1330	5104	1
1331	5105	1
1331	5106	1
1332	5107	1
1332	5108	1
1332	5109	1
1332	5110	1
1333	5111	1
1333	5112	1
1333	5113	1
1334	5114	1
1334	5115	1
1334	5116	1
1337	5127	1
1337	5128	1
1338	5129	1
1338	5130	1
1338	5131	1
1338	5132	1
1338	5133	1
1338	5134	1
1339	5135	1
1339	5136	1
1339	5137	1
1340	5138	1
1340	5139	1
1340	5140	1
1340	5141	1
1340	5142	1
1343	5148	1
1343	5149	1
1343	5150	1
1344	5151	1
1344	5152	1
1344	5153	1
1345	5154	1
1345	5155	1
1345	5156	1
1345	5157	1
1346	5158	1
1346	5159	1
1346	5160	1
1346	5161	1
1347	5162	1
1347	5163	1
1347	5164	1
1347	5165	1
1347	5166	1
1348	5168	1
1348	5169	1
1348	5170	1
1348	5171	1
1349	5172	1
1349	5173	1
1349	5174	1
1349	5175	1
1349	5176	1
1349	5177	1
1350	5178	1
1350	5179	1
1350	5180	1
1350	5184	1
1352	5185	1
1352	5186	1
1352	5187	1
1352	5188	1
1352	5189	1
1352	5190	1
1352	5191	1
1352	5192	1
1355	5200	1
1355	5201	1
1356	5202	1
1356	5203	1
1356	5204	1
1356	5205	1
1358	5211	1
1358	5212	1
1358	5213	1
1358	5214	1
1361	5225	1
1361	5226	1
1361	5227	1
1361	5228	1
1361	5229	1
1362	5230	1
1362	5231	1
1362	5232	1
1363	5233	1
1363	5234	1
1363	5235	1
1363	5236	1
1363	5237	1
1363	5238	1
1364	5239	1
1364	5240	1
1364	5241	1
1364	5242	1
1365	5243	1
1365	5244	1
1365	5245	1
1365	5246	1
1365	5247	1
1365	5248	1
1366	5249	1
1366	5250	1
1366	5251	1
1366	5252	1
1366	5253	1
1367	5254	1
1367	5255	1
1368	5256	1
1368	5257	1
1368	5258	1
1368	5259	1
1368	5260	1
1369	5261	1
1369	5262	1
1369	5263	1
1369	5264	1
1370	5265	1
1370	5266	1
1370	5267	1
1370	5268	1
1370	5269	1
1370	5270	1
1370	5271	1
1370	5272	1
1371	5273	1
1371	5274	1
1371	5275	1
1371	5276	1
1371	5277	1
1371	5278	1
1372	5279	1
1372	5280	1
1372	5281	1
1372	5282	1
1373	5283	1
1373	5284	1
1375	5288	1
1375	5289	1
1375	5290	1
1376	5291	1
1376	5292	1
1376	5293	1
1376	5294	1
1377	5295	1
1377	5296	1
1377	5297	1
1377	5298	1
1377	5299	1
1377	5300	1
1379	5306	1
1379	5307	1
1379	5308	1
1379	5309	1
1380	5310	1
1380	5311	1
1380	5312	1
1380	5313	1
1381	5314	1
1381	5315	1
1381	5316	1
1382	5317	1
1382	5318	1
1382	5319	1
1384	5325	1
1384	5326	1
1385	5327	1
1385	5328	1
1385	5329	1
1385	5330	1
1387	5335	1
1387	5336	1
1387	5337	1
1387	5338	1
1388	5339	1
1388	5340	1
1391	5351	1
1391	5352	1
1391	5353	1
1391	5354	1
1391	5355	1
1391	5356	1
1391	5357	1
1393	5360	1
1393	5361	1
1393	5362	1
1393	5363	1
1393	5364	1
1394	5365	1
1394	5366	1
1394	5367	1
1394	5368	1
1394	5369	1
1395	5370	1
1395	5371	1
1395	5372	1
1396	5373	1
1396	5374	1
1397	5375	1
1397	5376	1
1398	5377	1
1398	5378	1
1398	5379	1
1399	5380	1
1399	5381	1
1399	5382	1
1399	5383	1
1400	5384	1
1400	5385	1
1400	5386	1
1400	5387	1
1400	5388	1
1400	5389	1
1400	5390	1
1400	5391	1
1400	5392	1
1400	5393	1
1401	5394	1
1401	5395	1
1401	5396	1
1402	5397	1
1402	5398	1
1403	5399	1
1403	5400	1
1403	5401	1
1403	5402	1
1404	5403	1
1404	5404	1
1404	5405	1
1404	5406	1
1404	5407	1
1405	5409	1
1405	5410	1
1405	5411	1
1405	5412	1
1405	5413	1
1405	5414	1
1407	5419	1
1407	5420	1
1407	5421	1
1408	5422	1
1408	5423	1
1408	5424	1
1409	5427	1
1409	5428	1
1409	5429	1
1409	5430	1
1409	5431	1
1409	5432	1
1409	5433	1
1414	5455	1
1414	5456	1
1414	5457	1
1414	5458	1
1415	5459	1
1415	5460	1
1415	5461	1
1416	5462	1
1416	5463	1
1416	5464	1
1416	5465	1
1417	5466	1
1417	5467	1
1417	5468	1
1417	5469	1
1418	5470	1
1418	5471	1
1418	5472	1
1418	5473	1
1418	5474	1
1418	5475	1
1418	5476	1
1418	5477	1
1418	5478	1
1420	5483	1
1420	5484	1
1420	5485	1
1420	5486	1
1420	5487	1
1420	5488	1
1421	5489	1
1421	5490	1
1421	5491	1
1421	5492	1
1423	5496	1
1423	5497	1
1424	5498	1
1424	5499	1
1426	5503	1
1426	5504	1
1426	5505	1
1426	5506	1
1426	5507	1
1427	5508	1
1427	5509	1
1427	5510	1
1427	5511	1
1429	5516	1
1429	5517	1
1429	5518	1
1429	5519	1
1430	5520	1
1430	5521	1
1430	5522	1
1430	5523	1
1432	5527	1
1432	5528	1
1432	5529	1
1433	5530	1
1433	5531	1
1433	5532	1
1433	5533	1
1435	5537	1
1435	5538	1
1435	5539	1
1436	5540	1
1436	5541	1
1437	5542	1
1437	5543	1
1437	5544	1
1437	5545	1
1437	5546	1
1437	5547	1
1437	5548	1
1437	5549	1
1437	5550	1
1438	5551	1
1438	5552	1
1438	5553	1
1439	5554	1
1439	5555	1
1440	5556	1
1440	5557	1
1443	5571	1
1443	5572	1
1443	5573	1
1443	5574	1
1444	5575	1
1444	5576	1
1445	5577	1
1445	5578	1
1445	5579	1
1446	5580	1
1446	5581	1
1446	5582	1
1446	5583	1
1447	5584	1
1447	5585	1
1448	5586	1
1448	5587	1
1448	5588	1
1449	5589	1
1449	5590	1
1449	5591	1
1449	5592	1
1450	5593	1
1450	5594	1
1450	5595	1
1451	5596	1
1451	5597	1
1451	5598	1
1452	5599	1
1452	5600	1
1452	5601	1
1452	5602	1
1452	5603	1
1452	5604	1
1453	5605	1
1453	5606	1
1455	5614	1
1455	5615	1
1455	5616	1
1455	5617	1
1455	5618	1
1455	5619	1
1456	5620	1
1456	5621	1
1457	5622	1
1457	5623	1
1458	5624	1
1458	5625	1
1459	5626	1
1459	5627	1
1460	5628	1
1460	5629	1
1460	5630	1
1460	5631	1
1461	5632	1
1461	5633	1
1461	5634	1
1461	5635	1
1462	5636	1
1462	5637	1
1462	5638	1
1465	5644	1
1465	5645	1
1465	5646	1
1465	5647	1
1466	5648	1
1466	5649	1
1466	5650	1
1466	5651	1
1466	5652	1
1466	5653	1
1467	5654	1
1467	5655	1
1468	5656	1
1468	5657	1
1468	5658	1
1469	5659	1
1469	5660	1
1469	5661	1
1470	5662	1
1470	5663	1
1470	5664	1
1470	5665	1
1473	5673	1
1473	5674	1
1473	5675	1
1473	5676	1
1473	5677	1
1473	5678	1
1475	5683	1
1475	5684	1
1475	5685	1
1475	5686	1
1475	5687	1
1475	5688	1
1477	5692	1
1477	5693	1
1479	5699	1
1479	5700	1
1480	5701	1
1480	5702	1
1480	5703	1
1481	5704	1
1481	5705	1
1482	5706	1
1482	5707	1
1482	5708	1
1483	5709	1
1483	5710	1
1483	5711	1
1483	5712	1
1483	5713	1
1484	5714	1
1484	5715	1
1484	5716	1
1484	5717	1
1484	5718	1
1485	5719	1
1485	5720	1
1485	5721	1
1485	5722	1
1487	5728	1
1487	5729	1
1487	5730	1
1487	5731	1
1488	5732	1
1488	5733	1
1489	5734	1
1489	5735	1
1489	5736	1
1490	5737	1
1490	5738	1
1490	5739	1
1490	5740	1
1490	5741	1
1490	5742	1
1490	5743	1
1490	5744	1
1490	5745	1
1491	5746	1
1491	5747	1
1491	5748	1
1491	5749	1
1491	5750	1
1493	5753	1
1493	5754	1
1493	5755	1
1493	5756	1
1494	5757	1
1494	5758	1
1494	5759	1
1494	5760	1
1495	5761	1
1495	5762	1
1496	5763	1
1496	5764	1
1496	5765	1
1496	5766	1
1496	5767	1
1497	5768	1
1497	5769	1
1497	5770	1
1497	5771	1
1497	5772	1
1497	5773	1
1497	5774	1
1497	5775	1
1499	5780	1
1499	5781	1
1499	5782	1
1499	5783	1
1500	5784	1
1500	5785	1
1500	5786	1
1500	5787	1
1500	5788	1
1501	5789	1
1501	5790	1
1501	5794	1
1502	5791	1
1502	5792	1
1502	5793	1
1502	5795	1
1503	5796	1
1503	5797	1
1503	5798	1
1503	5799	1
1503	5800	1
1504	5801	1
1504	5802	1
1504	5803	1
1504	5804	1
1504	5805	1
1505	5806	1
1505	5807	1
1505	5808	1
1508	5815	1
1508	5816	1
1510	5821	1
1510	5822	1
1510	5823	1
1511	5824	1
1511	5825	1
1511	5826	1
1511	5827	1
1511	5828	1
1511	5829	1
1511	5830	1
1512	5831	1
1512	5832	1
1513	5833	1
1513	5834	1
1513	5835	1
1513	5836	1
1515	5844	1
1515	5845	1
1515	5846	1
1515	5847	1
1517	5854	1
1517	5855	1
1518	5856	1
1518	5857	1
1518	5858	1
1518	5859	1
1518	5860	1
1519	5861	1
1519	5862	1
1520	5863	1
1520	5864	1
1520	5865	1
1521	5866	1
1521	5867	1
1521	5868	1
1521	5869	1
1521	5870	1
1521	5871	1
1521	5872	1
1521	5873	1
1522	5874	1
1522	5875	1
1522	5876	1
1522	5877	1
1522	5878	1
1523	5879	1
1523	5880	1
1523	5881	1
1523	5882	1
1523	5883	1
1524	5884	1
1524	5885	1
1524	5886	1
1524	5887	1
1524	5888	1
1524	5889	1
1524	5890	1
1525	5891	1
1525	5892	1
1525	5893	1
1526	5894	1
1526	5895	1
1526	5896	1
1526	5897	1
1526	5898	1
1526	5899	1
1526	5900	1
1527	5901	1
1527	5902	1
1528	5903	1
1528	5904	1
1529	5905	1
1529	5906	1
1529	5907	1
1529	5908	1
1530	5909	1
1530	5910	1
1530	5911	1
1530	5912	1
1530	5913	1
1531	5914	1
1531	5915	1
1531	5916	1
1531	5917	1
1531	5918	1
1531	5919	1
1532	5920	1
1532	5921	1
1532	5922	1
1532	5923	1
1532	5924	1
1532	5925	1
1533	5926	1
1533	5927	1
1533	5928	1
1533	5929	1
1534	5930	1
1534	5931	1
1536	5936	1
1536	5937	1
1536	5938	1
1536	5939	1
1536	5940	1
1537	5941	1
1537	5942	1
1538	5943	1
1538	5944	1
1538	5945	1
1538	5946	1
1538	5947	1
1538	5948	1
1538	5949	1
1538	5950	1
1539	5951	1
1539	5952	1
1539	5953	1
1539	5954	1
1539	5955	1
1539	5956	1
1541	5960	1
1541	5961	1
1541	5962	1
1541	5963	1
1544	5971	1
1544	5972	1
1545	5973	1
1545	5974	1
1546	5975	1
1546	5976	1
1546	5977	1
1546	5978	1
1547	5979	1
1547	5980	1
1547	5981	1
1547	5982	1
1547	5983	1
1548	5984	1
1548	5985	1
1548	5986	1
1548	5987	1
1549	5988	1
1549	5989	1
1551	5993	1
1551	5994	1
1552	5995	1
1552	5996	1
1553	5997	1
1553	5998	1
1553	5999	1
1553	6001	1
1553	6002	1
1553	6003	1
1554	6004	1
1554	6005	1
1557	6012	1
1557	6013	1
1558	6014	1
1558	6015	1
1559	6016	1
1559	6017	1
1559	6018	1
1560	6019	1
1560	6020	1
1561	6021	1
1561	6022	1
1561	6023	1
1562	6025	1
1562	6026	1
1563	6027	1
1563	6028	1
1563	6029	1
1563	6030	1
1564	6031	1
1564	6032	1
1564	6033	1
1565	6034	1
1565	6035	1
1565	6036	1
1565	6037	1
1566	6038	1
1566	6039	1
1566	6040	1
1567	6041	1
1567	6042	1
1567	6043	1
1567	6044	1
1568	6045	1
1568	6046	1
1569	6047	1
1569	6048	1
1569	6049	1
1569	6050	1
1570	6051	1
1570	6052	1
1570	6053	1
1570	6054	1
1570	6055	1
1571	6056	1
1571	6057	1
1571	6058	1
1571	6059	1
1571	6060	1
1571	6061	1
1571	6062	1
1572	6063	1
1572	6064	1
1572	6065	1
1573	6066	1
1573	6067	1
1573	6068	1
1575	6071	1
1575	6072	1
1575	6073	1
1575	6074	1
1576	6075	1
1576	6076	1
1577	6077	1
1577	6078	1
1577	6079	1
1578	6080	1
1578	6081	1
1578	6082	1
1579	6083	1
1579	6084	1
1579	6085	1
1580	6086	1
1580	6087	1
1580	6088	1
1580	6089	1
1581	6090	1
1581	6091	1
1581	6092	1
1581	6093	1
1582	6094	1
1582	6095	1
1582	6096	1
1582	6097	1
1584	6100	1
1584	6101	1
1585	6102	1
1585	6103	1
1586	6104	1
1586	6105	1
1588	6109	1
1588	6110	1
1588	6111	1
1588	6112	1
1589	6113	1
1589	6114	1
1589	6115	1
1589	6116	1
1589	6117	1
1590	6118	1
1590	6119	1
1590	6120	1
1591	6121	1
1591	6122	1
1591	6123	1
1591	6124	1
1591	6125	1
1591	6126	1
1592	6127	1
1592	6128	1
1592	6129	1
1592	6130	1
1592	6131	1
1592	6132	1
1592	6133	1
1593	6134	1
1593	6135	1
1594	6136	1
1594	6137	1
1596	6143	1
1596	6144	1
1596	6145	1
1596	6146	1
1597	6147	1
1597	6148	1
1597	6149	1
1599	6152	1
1599	6153	1
1599	6154	1
1599	6155	1
1601	6159	1
1601	6160	1
1601	6161	1
1602	6162	1
1602	6164	1
1605	6173	1
1605	6174	1
1605	6175	1
1606	6176	1
1606	6177	1
1607	6178	1
1607	6179	1
1607	6180	1
1607	6181	1
1609	6184	1
1609	6185	1
1609	6186	1
1610	6187	1
1610	6188	1
1610	6189	1
1611	6190	1
1611	6191	1
1611	6192	1
1612	6193	1
1612	6194	1
1613	6195	1
1613	6196	1
1615	6199	1
1615	6200	1
1615	6201	1
1616	6202	1
1616	6203	1
1617	6204	1
1617	6205	1
1618	6206	1
1618	6207	1
1619	6208	1
1619	6209	1
1620	6210	1
1620	6211	1
1620	6212	1
1621	6213	1
1621	6214	1
1622	6215	1
1622	6216	1
1622	6217	1
1623	6218	1
1623	6219	1
1624	6220	1
1624	6221	1
1625	6222	1
1625	6223	1
1625	6224	1
1626	6225	1
1626	6226	1
1627	6227	1
1627	6228	1
1628	6229	1
1628	6230	1
1629	6231	1
1629	6232	1
1630	6233	1
1630	6234	1
1631	6235	1
1631	6236	1
1631	6237	1
1631	6238	1
1631	6239	1
1631	6240	1
1632	6241	1
1632	6242	1
1633	6243	1
1633	6244	1
1633	6245	1
1634	6246	1
1634	6247	1
1635	6248	1
1635	6249	1
1636	6250	1
1636	6251	1
1637	6252	1
1637	6253	1
1638	6254	1
1638	6255	1
1639	6256	1
1639	6257	1
1642	6267	1
1642	6268	1
1642	6269	1
1642	6270	1
1643	6271	1
1643	6272	1
1643	6273	1
1643	6274	1
1643	6275	1
1644	6276	1
1644	6277	1
1645	6278	1
1645	6279	1
1645	6280	1
1646	6281	1
1646	6282	1
1646	6283	1
1646	6284	1
1646	6285	1
1647	6286	1
1647	6287	1
1647	6288	1
1647	6289	1
1647	6290	1
1647	6291	1
1647	6292	1
1648	6293	1
1648	6294	1
1648	6295	1
1650	6298	1
1650	6299	1
1650	6300	1
1650	6301	1
1650	6302	1
1650	6303	1
1651	6304	1
1651	6305	1
1651	6306	1
1651	6307	1
1651	6308	1
1651	6309	1
1651	6310	1
1651	6311	1
1651	6312	1
1652	6313	1
1652	6314	1
1652	6315	1
1653	6316	1
1653	6317	1
1654	6318	1
1654	6319	1
1655	6320	1
1655	6321	1
1655	6322	1
1655	6323	1
1655	6324	1
1656	6325	1
1656	6326	1
1656	6327	1
1656	6328	1
1656	6329	1
1657	6330	1
1657	6331	1
1657	6332	1
1657	6333	1
1658	6334	1
1658	6335	1
1658	6336	1
1658	6337	1
1658	6338	1
1658	6339	1
1662	6347	1
1662	6348	1
1662	6349	1
1663	6350	1
1663	6351	1
1663	6352	1
1664	6353	1
1664	6354	1
1664	6355	1
1664	6356	1
1664	6357	1
1664	6358	1
1666	6363	1
1666	6364	1
1666	6365	1
1666	6366	1
1667	6367	1
1667	6368	1
1667	6369	1
1668	6370	1
1668	6371	1
1669	6372	1
1669	6373	1
1669	6374	1
1669	6375	1
1669	6376	1
1669	6377	1
1669	6378	1
1669	6379	1
1670	6380	1
1670	6381	1
1670	6382	1
1670	6383	1
1670	6384	1
1671	6385	1
1671	6386	1
1671	6387	1
1671	6388	1
1672	6389	1
1672	6390	1
1673	6391	1
1673	6392	1
1673	6393	1
1673	6394	1
1674	6395	1
1674	6396	1
1675	6397	1
1675	6398	1
1675	6399	1
1675	6400	1
1675	6401	1
1675	6402	1
1677	6407	1
1677	6408	1
1678	6409	1
1678	6410	1
1678	6411	1
1678	6412	1
1678	6413	1
1678	6414	1
1678	6415	1
1678	6416	1
1679	6417	1
1679	6418	1
1679	6419	1
1679	6420	1
1680	6421	1
1680	6422	1
1680	6423	1
1680	6424	1
1680	6425	1
1680	6426	1
1682	6432	1
1682	6433	1
1682	6434	1
1684	6438	1
1684	6439	1
1684	6440	1
1684	6441	1
1684	6442	1
1685	6443	1
1685	6444	1
1685	6445	1
1688	6455	1
1688	6457	1
1688	6458	1
1689	6460	1
1689	6461	1
1689	6462	1
1689	6463	1
1691	6472	1
1691	6473	1
1691	6474	1
1691	6475	1
1692	6476	1
1692	6477	1
1693	6478	1
1693	6479	1
1693	6480	1
1694	6481	1
1694	6482	1
1694	6483	1
1694	6484	1
1695	6485	1
1695	6486	1
1695	6487	1
1697	6492	1
1697	6493	1
1697	6494	1
1697	6495	1
1697	6496	1
1697	6497	1
1697	6498	1
1697	6499	1
1698	6500	1
1698	6501	1
1698	6502	1
1699	6503	1
1699	6504	1
1700	6505	1
1700	6506	1
1700	6507	1
1700	6508	1
1702	6513	1
1702	6514	1
1702	6515	1
1702	6516	1
1702	6517	1
1703	6518	1
1703	6519	1
1703	6520	1
1703	6521	1
1704	6522	1
1704	6523	1
1704	6524	1
1705	6525	1
1705	6526	1
1706	6527	1
1706	6528	1
1708	6531	1
1708	6532	1
1709	6533	1
1709	6534	1
1709	6535	1
1709	6536	1
1711	6541	1
1711	6542	1
1711	6543	1
1711	6544	1
1712	6545	1
1712	6546	1
1713	6547	1
1713	6548	1
1713	6549	1
1713	6550	1
1714	6551	1
1714	6552	1
1716	6558	1
1716	6559	1
1716	6560	1
1716	6561	1
1717	6562	1
1717	6563	1
1717	6564	1
1717	6565	1
1720	6577	1
1720	6578	1
1721	6579	1
1721	6580	1
1723	6584	1
1723	6585	1
1723	6586	1
1724	6587	1
1724	6588	1
1724	6589	1
1724	6590	1
1725	6591	1
1725	6592	1
1725	6593	1
1726	6594	1
1726	6595	1
1726	6596	1
1726	6597	1
1727	6598	1
1727	6599	1
1727	6600	1
1727	6601	1
1728	6602	1
1728	6603	1
1728	6604	1
1728	6605	1
1728	6606	1
1728	6607	1
1728	6608	1
1728	6609	1
1729	6610	1
1729	6611	1
1729	6612	1
1730	6613	1
1730	6614	1
1730	6615	1
1731	6616	1
1731	6617	1
1731	6618	1
1731	6619	1
1731	6620	1
1731	6621	1
1731	6622	1
1732	6623	1
1732	6624	1
1732	6625	1
1733	6626	1
1733	6627	1
1733	6628	1
1733	6629	1
1733	6630	1
1733	6631	1
1734	6632	1
1734	6633	1
1734	6634	1
1736	6640	1
1736	6641	1
1736	6642	1
1736	6643	1
1736	6644	1
1737	6645	1
1737	6646	1
1737	6647	1
1737	6648	1
1738	6649	1
1738	6650	1
1738	6651	1
1738	6652	1
1738	6653	1
1738	6654	1
1739	6655	1
1739	6656	1
1740	6657	1
1740	6658	1
1740	6659	1
1740	6660	1
1741	6661	1
1741	6662	1
1742	6663	1
1742	6664	1
1742	6665	1
1742	6666	1
1742	6667	1
1743	6668	1
1743	6669	1
1743	6670	1
1745	6676	1
1745	6677	1
1745	6678	1
1745	6679	1
1746	6680	1
1746	6681	1
1747	6682	1
1747	6683	1
1747	6684	1
1748	6685	1
1748	6686	1
1748	6687	1
1749	6688	1
1749	6689	1
1749	6690	1
1749	6691	1
1750	6692	1
1750	6693	1
1750	6694	1
1751	6695	1
1751	6696	1
1752	6697	1
1752	6698	1
1752	6699	1
1752	6700	1
1752	6701	1
1753	6702	1
1753	6703	1
1753	6704	1
1754	6705	1
1754	6706	1
1754	6707	1
1754	6708	1
1755	6709	1
1755	6710	1
1755	6711	1
1756	6712	1
1756	6713	1
1756	6714	1
1757	6715	1
1757	6716	1
1757	6717	1
1757	6718	1
1758	6719	1
1758	6720	1
1759	6721	1
1759	6722	1
1759	6723	1
1761	6726	1
1761	6727	1
1762	6728	1
1762	6729	1
1762	6730	1
1762	6731	1
1763	6732	1
1763	6733	1
1763	6734	1
1763	6735	1
1764	6736	1
1764	6737	1
1764	6738	1
1764	6740	1
1764	6741	1
1764	6742	1
1765	6743	1
1765	6744	1
1765	6745	1
1765	6746	1
1765	6747	1
1766	6748	1
1766	6749	1
1766	6750	1
1766	6751	1
1766	6752	1
1766	6753	1
1767	6754	1
1767	6755	1
1767	6756	1
1767	6757	1
1767	6758	1
1767	6759	1
1767	6760	1
1771	6776	1
1771	6777	1
1771	6778	1
1772	6779	1
1772	6780	1
1772	6781	1
1773	6782	1
1773	6783	1
1773	6784	1
1775	6788	1
1775	6789	1
1775	6790	1
1775	6791	1
1775	6792	1
1776	6793	1
1776	6794	1
1776	6795	1
1776	6796	1
1776	6797	1
1777	6798	1
1777	6799	1
1777	6800	1
1780	6810	1
1780	6811	1
1780	6812	1
1781	6813	1
1781	6814	1
1781	6815	1
1781	6816	1
1781	6817	1
1782	6818	1
1782	6819	1
1782	6820	1
1782	6821	1
1782	6822	1
1783	6823	1
1783	6824	1
1784	6825	1
1784	6826	1
1786	6829	1
1786	6830	1
1786	6831	1
1786	6832	1
1786	6833	1
1787	6834	1
1787	6835	1
1788	6836	1
1788	6837	1
1788	6838	1
1788	6839	1
1789	6840	1
1789	6843	1
1789	6844	1
1790	6841	1
1790	6842	1
1791	6845	1
1791	6846	1
1792	6847	1
1792	6848	1
1792	6849	1
1792	6850	1
1793	6851	1
1793	6852	1
1793	6853	1
1793	6854	1
1794	6855	1
1794	6856	1
1794	6857	1
1795	6858	1
1795	6859	1
1796	6860	1
1796	6861	1
1796	6862	1
1796	6863	1
1798	6870	1
1798	6871	1
1798	6872	1
1798	6873	1
1798	6874	1
1799	6875	1
1799	6876	1
1799	6877	1
1799	6878	1
1799	6879	1
1800	6880	1
1800	6881	1
1800	6882	1
1800	6883	1
1800	6884	1
1800	6885	1
1800	6886	1
1800	6887	1
1801	6888	1
1801	6889	1
1801	6890	1
1801	6891	1
1802	6892	1
1802	6893	1
1803	6894	1
1803	6895	1
1803	6896	1
1803	6897	1
1805	6900	1
1805	6901	1
1805	6902	1
1805	6903	1
1806	6906	1
1806	6907	1
1807	6908	1
1807	6909	1
1807	6910	1
1807	6911	1
1809	6916	1
1809	6917	1
1809	6918	1
1809	6919	1
1809	6920	1
1810	6921	1
1810	6922	1
1810	6923	1
1810	6924	1
1811	6925	1
1811	6926	1
1813	6932	1
1813	6933	1
1813	6934	1
1813	6935	1
1814	6936	1
1814	6937	1
1815	6938	1
1815	6939	1
1816	6941	1
1816	6942	1
1816	6943	1
1816	6944	1
1816	6945	1
1816	6946	1
1816	6947	1
1816	6948	1
1816	6949	1
1817	6950	1
1817	6951	1
1819	6955	1
1819	6957	1
1819	6959	1
1819	6960	1
1820	6956	1
1820	6958	1
1821	6961	1
1821	6962	1
1821	6963	1
1823	6967	1
1823	6968	1
1823	6969	1
1825	6978	1
1825	6979	1
1825	6980	1
1825	6981	1
1825	6982	1
1825	6983	1
1825	6984	1
1827	6993	1
1827	6994	1
1827	6995	1
1827	6996	1
1829	7003	1
1829	7004	1
1830	7005	1
1830	7006	1
1830	7007	1
1830	7008	1
1831	7009	1
1831	7010	1
1831	7011	1
1831	7012	1
1831	7013	1
1831	7014	1
1831	7015	1
1833	7018	1
1833	7019	1
1833	7020	1
1834	7021	1
1834	7022	1
1834	7023	1
1834	7024	1
1834	7025	1
1834	7026	1
1835	7027	1
1835	7028	1
1835	7029	1
1835	7030	1
1836	7031	1
1836	7032	1
1836	7033	1
1837	7034	1
1837	7035	1
1837	7036	1
1838	7037	1
1838	7038	1
1838	7039	1
1839	7040	1
1839	7041	1
1840	7042	1
1840	7043	1
1840	7044	1
1840	7045	1
1841	7046	1
1841	7047	1
1841	7048	1
1841	7049	1
1841	7050	1
1841	7051	1
1842	7052	1
1842	7053	1
1842	7054	1
1842	7055	1
1843	7056	1
1843	7057	1
1843	7058	1
1844	7059	1
1844	7060	1
1844	7061	1
1845	7062	1
1845	7063	1
1846	7064	1
1846	7065	1
1846	7066	1
1848	7073	1
1848	7074	1
1849	7075	1
1849	7076	1
1849	7077	1
1850	7078	1
1850	7079	1
1851	7080	1
1851	7081	1
1851	7082	1
1851	7083	1
1852	7084	1
1852	7085	1
1852	7086	1
1853	7087	1
1853	7088	1
1853	7089	1
1853	7090	1
1853	7091	1
1854	7092	1
1854	7093	1
1855	7094	1
1855	7095	1
1855	7096	1
1855	7097	1
1855	7098	1
1856	7099	1
1856	7100	1
1856	7101	1
1857	7102	1
1857	7103	1
1857	7104	1
1857	7105	1
1857	7106	1
1857	7107	1
1857	7108	1
1859	7111	1
1859	7112	1
1859	7113	1
1859	7114	1
1860	7115	1
1860	7116	1
1861	7117	1
1861	7118	1
1861	7119	1
1861	7120	1
1861	7121	1
1862	7122	1
1862	7123	1
1863	7124	1
1863	7125	1
1863	7126	1
1863	7127	1
1863	7128	1
1863	7129	1
1863	7130	1
1863	7131	1
1864	7132	1
1864	7133	1
1864	7134	1
1865	7137	1
1865	7138	1
1866	7139	1
1866	7140	1
1866	7141	1
1866	7142	1
1866	7143	1
1866	7144	1
1866	7145	1
1866	7146	1
1866	7147	1
1867	7148	1
1867	7149	1
1867	7150	1
1867	7151	1
1867	7152	1
1867	7153	1
1868	7154	1
1868	7155	1
1868	7156	1
1869	7157	1
1869	7158	1
1869	7159	1
1869	7160	1
1869	7161	1
1869	7162	1
1870	7163	1
1870	7164	1
1871	7165	1
1871	7166	1
1871	7167	1
1871	7168	1
1872	7169	1
1872	7170	1
1872	7171	1
1873	7172	1
1873	7173	1
1874	7174	1
1874	7175	1
1874	7176	1
1875	7177	1
1875	7178	1
1875	7179	1
1877	7184	1
1877	7185	1
1877	7186	1
1880	7191	1
1880	7192	1
1880	7193	1
1880	7194	1
1880	7195	1
1881	7196	1
1881	7197	1
1881	7198	1
1881	7199	1
1882	7200	1
1882	7201	1
1882	7202	1
1882	7203	1
1883	7204	1
1883	7205	1
1883	7206	1
1885	7209	1
1885	7210	1
1886	7211	1
1886	7212	1
1886	7213	1
1886	7214	1
1886	7215	1
1887	7216	1
1887	7217	1
1887	7218	1
1887	7219	1
1888	7220	1
1888	7221	1
1888	7222	1
1888	7223	1
1888	7224	1
1888	7225	1
1888	7226	1
1889	7227	1
1889	7228	1
1890	7229	1
1890	7230	1
1893	7240	1
1893	7243	1
1894	7241	1
1894	7242	1
1894	7244	1
1895	7245	1
1895	7246	1
1896	7247	1
1896	7248	1
1896	7249	1
1896	7250	1
1897	7251	1
1897	7252	1
1898	7255	1
1898	7256	1
1898	7257	1
1898	7258	1
1898	7259	1
1899	7260	1
1899	7261	1
1899	7262	1
1899	7263	1
1902	7273	1
1902	7274	1
1903	7275	1
1903	7276	1
1904	7277	1
1904	7278	1
1905	7279	1
1905	7280	1
1905	7281	1
1905	7282	1
1905	7283	1
1905	7284	1
1905	7285	1
1905	7286	1
1906	7287	1
1906	7288	1
1906	7289	1
1906	7290	1
1906	7291	1
1907	7292	1
1907	7293	1
1907	7294	1
1908	7295	1
1908	7296	1
1908	7297	1
1908	7298	1
1911	7304	1
1911	7305	1
1913	7309	1
1913	7310	1
1913	7311	1
1914	7312	1
1914	7313	1
1914	7314	1
1914	7315	1
1914	7316	1
1914	7317	1
1916	7321	1
1916	7322	1
1916	7323	1
1917	7324	1
1917	7325	1
1918	7326	1
1918	7327	1
1918	7328	1
1918	7329	1
1918	7330	1
1918	7331	1
1918	7332	1
1919	7333	1
1919	7334	1
1919	7335	1
1920	7336	1
1920	7337	1
1920	7338	1
1920	7339	1
1921	7340	1
1921	7341	1
1922	7342	1
1922	7343	1
1922	7344	1
1922	7345	1
1923	7346	1
1923	7347	1
1923	7348	1
1923	7349	1
1924	7350	1
1924	7351	1
1924	7352	1
1924	7353	1
1925	7354	1
1925	7355	1
1925	7356	1
1925	7357	1
1925	7358	1
1927	7363	1
1927	7364	1
1927	7365	1
1927	7366	1
1927	7367	1
1929	7371	1
1929	7372	1
1929	7373	1
1929	7374	1
1929	7375	1
1929	7376	1
1930	7377	1
1930	7378	1
1930	7379	1
1930	7380	1
1931	7381	1
1931	7382	1
1931	7383	1
1931	7384	1
1931	7385	1
1932	7386	1
1932	7387	1
1932	7388	1
1932	7389	1
1932	7390	1
1932	7391	1
1932	7392	1
1934	7395	1
1934	7396	1
1936	7400	1
1936	7401	1
1937	7402	1
1937	7403	1
1937	7404	1
1938	7405	1
1938	7406	1
1939	7407	1
1939	7408	1
1940	7409	1
1940	7410	1
1940	7411	1
1943	7417	1
1943	7418	1
1943	7419	1
1945	7427	1
1945	7428	1
1945	7429	1
1945	7430	1
1948	7439	1
1948	7440	1
1948	7441	1
1948	7442	1
1948	7443	1
1948	7444	1
1949	7445	1
1949	7446	1
1949	7447	1
1950	7448	1
1950	7449	1
1950	7450	1
1951	7451	1
1951	7452	1
1951	7453	1
1951	7454	1
1951	7455	1
1952	7456	1
1952	7457	1
1952	7458	1
1952	7459	1
1952	7460	1
1952	7461	1
1953	7462	1
1953	7463	1
1953	7464	1
1953	7466	1
1954	7467	1
1954	7468	1
1954	7469	1
1955	7470	1
1955	7471	1
1955	7472	1
1956	7473	1
1956	7474	1
1956	7475	1
1956	7476	1
1957	7477	1
1957	7478	1
1959	7481	1
1959	7482	1
1959	7483	1
1959	7484	1
1959	7485	1
1959	7486	1
1959	7487	1
1960	7488	1
1960	7489	1
1962	7492	1
1962	7493	1
1963	7494	1
1963	7495	1
1964	7496	1
1964	7497	1
1965	7498	1
1965	7499	1
1965	7500	1
1965	7501	1
1965	7502	1
1966	7503	1
1966	7504	1
1966	7505	1
1967	7506	1
1967	7507	1
1968	7508	1
1968	7509	1
1970	7512	1
1970	7513	1
1971	7514	1
1971	7515	1
1972	7516	1
1972	7517	1
1974	7521	1
1974	7522	1
1975	7523	1
1975	7524	1
1977	7530	1
1977	7531	1
1977	7532	1
1977	7533	1
1978	7534	1
1978	7535	1
1978	7536	1
1979	7537	1
1979	7538	1
1980	7539	1
1980	7540	1
1981	7541	1
1981	7542	1
1981	7543	1
1981	7544	1
1982	7545	1
1982	7546	1
1982	7547	1
1984	7551	1
1984	7552	1
1986	7555	1
1986	7556	1
1986	7557	1
1986	7558	1
1987	7559	1
1987	7560	1
1987	7561	1
1987	7562	1
1988	7563	1
1988	7564	1
1988	7565	1
1988	7566	1
1988	7567	1
1988	7568	1
1989	7569	1
1989	7570	1
1991	7573	1
1991	7574	1
1992	7575	1
1992	7576	1
1993	7577	1
1993	7578	1
1993	7579	1
1993	7580	1
1994	7581	1
1994	7582	1
1995	7583	1
1995	7584	1
1995	7585	1
1997	7588	1
1997	7589	1
1997	7590	1
1997	7591	1
1998	7592	1
1998	7593	1
1998	7594	1
1998	7595	1
1998	7596	1
1999	7597	1
1999	7598	1
1999	7599	1
1999	7600	1
2000	7601	1
2000	7602	1
2000	7603	1
2000	7604	1
2000	7605	1
2000	7606	1
2001	7607	1
2001	7608	1
2001	7609	1
2001	7610	1
2002	7611	1
2002	7612	1
2004	7617	1
2004	7618	1
2005	7619	1
2005	7620	1
2007	7625	1
2007	7626	1
2008	7627	1
2008	7628	1
2009	7629	1
2009	7630	1
2009	7631	1
2009	7632	1
2010	7633	1
2010	7634	1
2011	7635	1
2011	7636	1
2012	7637	1
2012	7638	1
2015	7645	1
2015	7646	1
2017	7650	1
2017	7651	1
2017	7652	1
2017	7653	1
2017	7654	1
2017	7655	1
2018	7656	1
2018	7657	1
2020	7660	1
2020	7661	1
2020	7662	1
2020	7663	1
2023	7673	1
2023	7674	1
2024	7675	1
2024	7676	1
2025	7677	1
2025	7678	1
2027	7682	1
2027	7683	1
2027	7684	1
2027	7685	1
2027	7686	1
2029	7690	1
2029	7691	1
2029	7692	1
2029	7693	1
2030	7694	1
2030	7695	1
2030	7696	1
2030	7697	1
2030	7698	1
2030	7699	1
2030	7700	1
2030	7701	1
2030	7702	1
2032	7708	1
2032	7709	1
2033	7710	1
2033	7711	1
2033	7712	1
2033	7713	1
2034	7714	1
2034	7715	1
2035	7716	1
2035	7717	1
2035	7718	1
2035	7719	1
2036	7720	1
2036	7721	1
2037	7722	1
2037	7723	1
2037	7724	1
2037	7725	1
2037	7726	1
2038	7727	1
2038	7728	1
2039	7729	1
2039	7730	1
2039	7731	1
2039	7732	1
2039	7733	1
2043	7749	1
2043	7750	1
2043	7751	1
2043	7752	1
2043	7753	1
2043	7754	1
2043	7755	1
2044	7756	1
2044	7757	1
2044	7758	1
2044	7759	1
2044	7760	1
2044	7761	1
2044	7762	1
2044	7763	1
2045	7764	1
2045	7765	1
2045	7766	1
2045	7767	1
2045	7768	1
2047	7775	1
2047	7776	1
2047	7777	1
2047	7778	1
2049	7787	1
2049	7788	1
2049	7789	1
2049	7790	1
2049	7791	1
2049	7792	1
2050	7793	1
2050	7794	1
2050	7795	1
2050	7796	1
2052	7800	1
2052	7801	1
2053	7802	1
2053	7803	1
2053	7804	1
2053	7805	1
2053	7806	1
2055	7810	1
2055	7811	1
2055	7812	1
2055	7813	1
2055	7814	1
2055	7815	1
2055	7816	1
2055	7817	1
2056	7818	1
2056	7819	1
2056	7820	1
2056	7821	1
2056	7822	1
2056	7823	1
2057	7824	1
2057	7825	1
2057	7826	1
2057	7827	1
2057	7828	1
2057	7829	1
2058	7830	1
2058	7831	1
2058	7832	1
2058	7833	1
2059	7834	1
2059	7835	1
2059	7836	1
2060	7837	1
2060	7838	1
2060	7839	1
2061	7840	1
2061	7841	1
2061	7842	1
2061	7843	1
2061	7844	1
2062	7845	1
2062	7846	1
2062	7847	1
2062	7848	1
2062	7849	1
2063	7850	1
2063	7851	1
2063	7852	1
2063	7853	1
2064	7854	1
2064	7855	1
2064	7856	1
2065	7857	1
2065	7858	1
2065	7859	1
2065	7860	1
2065	7861	1
2065	7862	1
2066	7863	1
2066	7864	1
2067	7865	1
2067	7866	1
2067	7867	1
2067	7868	1
2067	7869	1
2069	7874	1
2069	7875	1
2069	7876	1
2069	7877	1
2069	7878	1
2069	7879	1
2069	7880	1
2069	7881	1
2069	7882	1
2071	7887	1
2071	7888	1
2071	7889	1
2071	7890	1
2071	7891	1
2071	7892	1
2073	7895	1
2073	7896	1
2073	7897	1
2073	7898	1
2073	7899	1
2073	7900	1
2074	7901	1
2074	7902	1
2074	7903	1
2074	7904	1
2075	7905	1
2075	7906	1
2076	7907	1
2076	7908	1
2076	7909	1
2077	7910	1
2077	7911	1
2077	7912	1
2080	7920	1
2080	7921	1
2080	7922	1
2080	7923	1
2083	7933	1
2083	7934	1
2083	7935	1
2083	7936	1
2083	7937	1
2085	7942	1
2085	7943	1
2085	7944	1
2086	7945	1
2086	7946	1
2086	7947	1
2087	7948	1
2087	7949	1
2087	7950	1
2088	7951	1
2088	7952	1
2088	7953	1
2088	7954	1
2091	7962	1
2091	7963	1
2091	7964	1
2091	7965	1
2091	7966	1
2091	7967	1
2091	7968	1
2092	7969	1
2092	7970	1
2092	7971	1
2092	7972	1
2092	7973	1
2092	7974	1
2094	7977	1
2094	7978	1
2095	7979	1
2095	7980	1
2095	7981	1
2095	7982	1
2096	7983	1
2096	7984	1
2096	7985	1
2097	7986	1
2097	7987	1
2098	7988	1
2098	7989	1
2098	7990	1
2099	7991	1
2099	7992	1
2100	7993	1
2100	7994	1
2100	7995	1
2100	7996	1
2100	7997	1
2100	7998	1
2101	7999	1
2101	8000	1
2101	8001	1
2101	8002	1
2101	8003	1
2101	8004	1
2101	8005	1
2102	8006	1
2102	8007	1
2102	8008	1
2102	8009	1
2102	8010	1
2102	8011	1
2102	8012	1
2102	8013	1
2103	8014	1
2103	8015	1
2103	8016	1
2103	8017	1
2103	8018	1
2104	8019	1
2104	8020	1
2104	8021	1
2104	8022	1
2104	8023	1
2104	8024	1
2104	8025	1
2105	8026	1
2105	8027	1
2105	8028	1
2105	8029	1
2105	8030	1
2105	8031	1
2105	8032	1
2105	8033	1
2105	8034	1
2106	8035	1
2106	8036	1
2107	8037	1
2107	8038	1
2108	8039	1
2108	8040	1
2108	8041	1
2108	8042	1
2108	8043	1
2108	8044	1
2108	8045	1
2109	8046	1
2109	8047	1
2109	8048	1
2109	8049	1
2109	8050	1
2109	8051	1
2109	8052	1
2109	8053	1
2109	8054	1
2110	8055	1
2110	8056	1
2110	8057	1
2111	8058	1
2111	8059	1
2112	8060	1
2112	8061	1
2112	8062	1
2112	8063	1
2113	8064	1
2113	8065	1
2113	8066	1
2115	8070	1
2115	8071	1
2115	8072	1
2115	8073	1
2117	8077	1
2117	8078	1
2117	8079	1
2118	8080	1
2118	8081	1
2118	8082	1
2118	8083	1
2119	8084	1
2119	8085	1
2119	8086	1
2119	8087	1
2120	8088	1
2120	8089	1
2120	8090	1
2120	8091	1
2120	8092	1
2120	8093	1
2121	8094	1
2121	8095	1
2121	8096	1
2121	8097	1
2121	8098	1
2121	8099	1
2122	8100	1
2122	8101	1
2122	8102	1
2123	8103	1
2123	8104	1
2123	8105	1
2123	8106	1
2123	8107	1
2124	8108	1
2124	8109	1
2125	8110	1
2125	8111	1
2125	8112	1
2125	8113	1
2126	8114	1
2126	8115	1
2127	8116	1
2127	8117	1
2128	8118	1
2128	8119	1
2128	8120	1
2128	8121	1
2128	8122	1
2130	8126	1
2130	8127	1
2130	8128	1
2131	8129	1
2131	8130	1
2131	8131	1
2131	8132	1
2131	8133	1
2131	8134	1
2131	8135	1
2131	8136	1
2131	8137	1
2132	8138	1
2132	8139	1
2132	8140	1
2132	8141	1
2133	8142	1
2133	8143	1
2135	8148	1
2135	8149	1
2135	8150	1
2137	8153	1
2137	8154	1
2137	8155	1
2137	8156	1
2138	8157	1
2138	8158	1
2139	8159	1
2139	8160	1
2140	8161	1
2140	8162	1
2140	8163	1
2140	8164	1
2142	8168	1
2142	8169	1
2142	8170	1
2142	8171	1
2143	8172	1
2143	8173	1
2144	8174	1
2144	8175	1
2144	8176	1
2144	8177	1
2144	8178	1
2145	8179	1
2145	8180	1
2145	8181	1
2145	8182	1
2146	8183	1
2146	8184	1
2147	8185	1
2147	8186	1
2147	8187	1
2147	8188	1
2147	8189	1
2147	8190	1
2148	8191	1
2148	8192	1
2148	8193	1
2148	8194	1
2149	8195	1
2149	8196	1
2149	8197	1
2149	8198	1
2149	8199	1
2151	8204	1
2151	8205	1
2151	8206	1
2151	8207	1
2152	8208	1
2152	8209	1
2152	8210	1
2152	8211	1
2153	8212	1
2153	8213	1
2153	8214	1
2153	8215	1
2153	8216	1
2153	8217	1
2154	8218	1
2154	8219	1
2156	8223	1
2156	8224	1
2157	8225	1
2157	8228	1
2158	8226	1
2158	8227	1
2159	8229	1
2159	8230	1
2160	8231	1
2160	8232	1
2160	8233	1
2160	8234	1
2161	8235	1
2161	8236	1
2163	8239	1
2163	8240	1
2163	8241	1
2164	8242	1
2164	8243	1
2164	8244	1
2165	8245	1
2165	8246	1
2165	8247	1
2165	8248	1
2166	8249	1
2166	8250	1
2166	8251	1
2166	8252	1
2167	8253	1
2167	8254	1
2167	8255	1
2167	8256	1
2167	8257	1
2168	8258	1
2168	8259	1
2169	8260	1
2169	8261	1
2169	8262	1
2169	8263	1
2169	8264	1
2169	8265	1
2170	8266	1
2170	8269	1
2173	8274	1
2173	8275	1
2174	8276	1
2174	8277	1
2174	8278	1
2175	8279	1
2175	8280	1
2175	8281	1
2176	8282	1
2176	8283	1
2176	8284	1
2177	8286	1
2177	8287	1
2178	8288	1
2178	8289	1
2179	8290	1
2179	8291	1
2180	8294	1
2180	8295	1
2181	8296	1
2181	8297	1
2181	8300	1
2181	8301	1
2181	8302	1
2181	8303	1
2182	8298	1
2182	8299	1
2183	8304	1
2183	8305	1
2183	8306	1
2186	8315	1
2186	8316	1
2186	8317	1
2186	8318	1
2189	8325	1
2189	8326	1
2189	8327	1
2192	8337	1
2192	8338	1
2193	8339	1
2193	8340	1
2194	8341	1
2194	8342	1
2194	8343	1
2194	8344	1
2194	8345	1
2194	8346	1
2195	8347	1
2195	8348	1
2195	8349	1
2195	8350	1
2195	8351	1
2197	8355	1
2197	8356	1
2197	8357	1
2197	8358	1
2198	8359	1
2198	8360	1
2198	8361	1
2198	8362	1
2198	8363	1
2199	8364	1
2199	8365	1
2199	8366	1
2199	8367	1
2199	8368	1
2200	8369	1
2200	8370	1
2200	8371	1
2201	8372	1
2201	8373	1
2201	8374	1
2202	8375	1
2202	8376	1
2202	8377	1
2203	8378	1
2203	8379	1
2203	8380	1
2203	8381	1
2204	8382	1
2204	8383	1
2206	8386	1
2206	8387	1
2207	8388	1
2207	8389	1
2209	8395	1
2209	8396	1
2210	8397	1
2210	8398	1
2210	8399	1
2211	8400	1
2211	8401	1
2211	8402	1
2211	8403	1
2211	8404	1
2212	8405	1
2212	8406	1
2212	8407	1
2213	8408	1
2213	8409	1
2213	8410	1
2213	8411	1
2214	8412	1
2214	8413	1
2214	8414	1
2214	8415	1
2214	8416	1
2215	8417	1
2215	8418	1
2215	8419	1
2215	8420	1
2216	8421	1
2216	8422	1
2216	8423	1
2216	8424	1
2217	8425	1
2217	8426	1
2217	8427	1
2217	8428	1
2217	8429	1
2219	8432	1
2219	8433	1
2219	8434	1
2220	8435	1
2220	8436	1
2220	8437	1
2220	8438	1
2221	8439	1
2221	8440	1
2221	8441	1
2222	8442	1
2222	8443	1
2223	8444	1
2223	8445	1
2223	8446	1
2224	8447	1
2224	8448	1
2224	8449	1
2226	8454	1
2226	8455	1
2227	8456	1
2227	8457	1
2227	8458	1
2227	8459	1
2228	8460	1
2228	8461	1
2228	8462	1
2229	8463	1
2229	8464	1
2232	8472	1
2232	8473	1
2232	8474	1
2233	8475	1
2233	8476	1
2233	8477	1
2234	8478	1
2234	8479	1
2235	8480	1
2235	8481	1
2235	8482	1
2235	8483	1
2235	8484	1
2236	8485	1
2236	8486	1
2236	8487	1
2236	8488	1
2237	8489	1
2237	8490	1
2237	8491	1
2238	8492	1
2238	8493	1
2238	8494	1
2238	8495	1
2240	8498	1
2240	8499	1
2240	8500	1
2241	8501	1
2241	8502	1
2241	8503	1
2242	8504	1
2242	8505	1
2242	8506	1
2243	8507	1
2243	8508	1
2244	8509	1
2244	8510	1
2244	8511	1
2247	8517	1
2247	8518	1
2247	8519	1
2247	8520	1
2249	8523	1
2249	8524	1
2251	8527	1
2251	8528	1
2251	8529	1
2251	8530	1
2252	8531	1
2252	8532	1
2253	8533	1
2253	8534	1
2254	8535	1
2254	8536	1
2254	8537	1
2255	8538	1
2255	8539	1
2256	8540	1
2256	8541	1
2256	8542	1
2257	8543	1
2257	8544	1
2257	8545	1
2257	8546	1
2258	8547	1
2258	8548	1
2259	8549	1
2259	8550	1
2262	8559	1
2262	8560	1
2262	8561	1
2263	8562	1
2263	8563	1
2263	8564	1
2263	8565	1
2265	8569	1
2265	8570	1
2265	8571	1
2265	8572	1
2266	8573	1
2266	8574	1
2266	8575	1
2266	8576	1
2267	8577	1
2267	8578	1
2268	8579	1
2268	8580	1
2268	8581	1
2269	8582	1
2269	8583	1
2270	8584	1
2270	8585	1
2270	8586	1
2270	8587	1
2270	8588	1
2271	8589	1
2271	8590	1
2271	8591	1
2272	8592	1
2272	8593	1
2273	8594	1
2273	8595	1
2273	8596	1
2273	8597	1
2273	8598	1
2274	8599	1
2274	8600	1
2274	8601	1
2274	8602	1
2275	8603	1
2275	8604	1
2275	8605	1
2276	8606	1
2276	8607	1
2278	8613	1
2278	8614	1
2279	8616	1
2279	8617	1
2280	8618	1
2280	8619	1
2282	8623	1
2282	8624	1
2282	8625	1
2283	8626	1
2283	8627	1
2283	8628	1
2283	8629	1
2284	8630	1
2284	8631	1
2285	8632	1
2285	8633	1
2286	8634	1
2286	8635	1
2286	8636	1
2286	8637	1
2286	8638	1
2286	8639	1
2288	8643	1
2288	8644	1
2288	8645	1
2288	8646	1
2289	8647	1
2289	8648	1
2289	8649	1
2290	8650	1
2290	8651	1
2290	8652	1
2292	8655	1
2292	8656	1
2293	8657	1
2293	8658	1
2294	8659	1
2294	8660	1
2295	8661	1
2295	8662	1
2296	8663	1
2296	8664	1
2297	8665	1
2297	8666	1
2297	8667	1
2297	8668	1
2297	8669	1
2298	8670	1
2298	8671	1
2298	8672	1
2298	8673	1
2300	8678	1
2300	8679	1
2300	8680	1
2300	8681	1
2301	8682	1
2301	8683	1
2301	8684	1
2301	8685	1
2301	8686	1
2303	8689	1
2303	8690	1
2303	8691	1
2305	8696	1
2305	8697	1
2306	8698	1
2306	8699	1
2307	8700	1
2307	8701	1
2307	8702	1
2307	8703	1
2310	8715	1
2310	8716	1
2311	8717	1
2311	8718	1
2311	8719	1
2311	8720	1
2311	8721	1
2311	8722	1
2312	8723	1
2312	8724	1
2313	8725	1
2313	8726	1
2313	8727	1
2314	8728	1
2314	8729	1
2315	8730	1
2315	8731	1
2316	8732	1
2316	8733	1
2316	8734	1
2317	8735	1
2317	8736	1
2317	8737	1
2317	8738	1
2318	8739	1
2318	8740	1
2319	8741	1
2319	8742	1
2320	8743	1
2320	8744	1
2320	8745	1
2320	8746	1
2320	8747	1
2320	8748	1
2322	8751	1
2322	8752	1
2323	8753	1
2323	8754	1
2323	8755	1
2323	8756	1
2323	8757	1
2323	8758	1
2324	8759	1
2324	8760	1
2325	8762	1
2325	8763	1
2325	8764	1
2325	8765	1
2325	8766	1
2325	8767	1
2325	8768	1
2326	8769	1
2326	8770	1
2326	8771	1
2326	8772	1
2326	8773	1
2326	8774	1
2326	8775	1
2327	8776	1
2327	8777	1
2327	8778	1
2327	8779	1
2327	8780	1
2327	8781	1
2328	8782	1
2328	8783	1
2328	8784	1
2328	8785	1
2328	8786	1
2329	8787	1
2329	8788	1
2329	8789	1
2329	8790	1
2329	8791	1
2330	8792	1
2330	8793	1
2330	8794	1
2330	8795	1
2331	8796	1
2331	8797	1
2331	8798	1
2331	8799	1
2332	8800	1
2332	8801	1
2333	8802	1
2333	8803	1
2334	8804	1
2334	8805	1
2334	8806	1
2336	8813	1
2336	8814	1
2336	8815	1
2336	8816	1
2337	8817	1
2337	8818	1
2337	8819	1
2339	8827	1
2339	8828	1
2339	8829	1
2339	8830	1
2339	8831	1
2341	8836	1
2341	8837	1
2341	8838	1
2341	8839	1
2342	8840	1
2342	8841	1
2342	8842	1
2343	8843	1
2343	8844	1
2343	8845	1
2343	8846	1
2344	8847	1
2344	8848	1
2344	8849	1
2344	8850	1
2344	8851	1
2345	8852	1
2345	8853	1
2345	8854	1
2345	8855	1
2345	8856	1
2346	8857	1
2346	8858	1
2346	8859	1
2348	8863	1
2348	8864	1
2348	8865	1
2348	8866	1
2348	8867	1
2348	8868	1
2348	8869	1
2348	8870	1
2348	8871	1
2349	8872	1
2349	8873	1
2351	8876	1
2351	8877	1
2351	8878	1
2351	8879	1
2351	8880	1
2351	8881	1
2353	8885	1
2353	8886	1
2353	8887	1
2353	8888	1
2355	8892	1
2355	8893	1
2356	8894	1
2356	8895	1
2357	8896	1
2357	8897	1
2357	8898	1
2357	8899	1
2358	8900	1
2358	8901	1
2358	8902	1
2358	8903	1
2358	8904	1
2359	8905	1
2359	8906	1
2359	8907	1
2359	8908	1
2359	8909	1
2360	8910	1
2360	8911	1
2360	8912	1
2360	8913	1
2360	8914	1
2360	8915	1
2361	8916	1
2361	8917	1
2361	8918	1
2364	8925	1
2364	8926	1
2365	8927	1
2365	8928	1
2365	8931	1
2365	8932	1
2366	8929	1
2366	8930	1
2367	8933	1
2367	8934	1
2367	8935	1
2367	8936	1
2368	8937	1
2368	8938	1
2369	8941	1
2369	8942	1
2369	8943	1
2369	8944	1
2369	8945	1
2369	8946	1
2370	8947	1
2370	8948	1
2370	8949	1
2370	8950	1
2370	8951	1
2370	8952	1
2370	8953	1
2371	8954	1
2371	8955	1
2371	8956	1
2372	8957	1
2372	8958	1
2372	8959	1
2372	8960	1
2372	8961	1
2373	8962	1
2373	8963	1
2373	8964	1
2374	8965	1
2374	8966	1
2375	8967	1
2375	8968	1
2375	8969	1
2375	8970	1
2375	8971	1
2376	8972	1
2376	8973	1
2376	8974	1
2376	8975	1
2376	8976	1
2378	8979	1
2378	8980	1
2378	8981	1
2378	8982	1
2379	8983	1
2379	8984	1
2379	8985	1
2379	8986	1
2379	8987	1
2379	8988	1
2380	8989	1
2380	8990	1
2380	8991	1
2380	8992	1
2380	8993	1
2380	8994	1
2381	8995	1
2381	8996	1
2382	8997	1
2382	8998	1
2382	8999	1
2383	9000	1
2383	9001	1
2385	9005	1
2385	9006	1
2388	9014	1
2388	9015	1
2388	9016	1
2389	9017	1
2389	9018	1
2389	9019	1
2389	9020	1
2390	9021	1
2390	9022	1
2390	9023	1
2390	9024	1
2391	9025	1
2391	9026	1
2393	9029	1
2393	9030	1
2394	9031	1
2394	9032	1
2394	9033	1
2394	9034	1
2395	9035	1
2395	9036	1
2395	9037	1
2397	277	1
2397	278	1
2399	500	1
2399	501	1
2400	616	1
2400	617	1
2401	695	1
2401	697	1
2403	727	1
2403	728	1
2404	755	1
2404	756	1
2405	931	1
2405	932	1
2406	1038	1
2406	1041	1
2407	1193	1
2407	1200	1
2409	1497	1
2409	1500	1
2410	1831	1
2410	1834	1
2412	2316	1
2412	2317	1
2413	2369	1
2413	2370	1
2415	2718	1
2415	2719	1
2416	2905	1
2416	2909	1
2417	2945	1
2417	2946	1
2419	3214	1
2419	3216	1
2420	3264	1
2420	3270	1
2421	3360	1
2421	3362	1
2422	3478	1
2422	3479	1
2423	3645	1
2423	3648	1
2424	3980	1
2424	3983	1
2425	4307	1
2425	4309	1
2427	4617	1
2427	4621	1
2429	5166	1
2429	5167	1
2431	5425	1
2431	5426	1
2432	6000	1
2432	6002	1
2433	6024	1
2433	6025	1
2435	6637	1
2435	6638	1
2436	6739	1
2436	6740	1
2437	6904	1
2437	6905	1
2438	6938	1
2438	6940	1
2439	6956	1
2439	6957	1
2440	7087	1
2440	7093	1
2441	7088	1
2441	7092	1
2442	7135	1
2442	7136	1
2443	7253	1
2443	7254	1
2445	7464	1
2445	7465	1
2446	7662	1
2446	7664	1
2447	7773	1
2447	7774	1
2449	8292	1
2449	8293	1
2450	8615	1
2450	8616	1
2451	8761	1
2451	8768	1
2452	8939	1
2452	8940	1
